id,idPlantilla,ruta
1,14,img899059586.png
2,9,img1888822336.png
4,15,img105685468.png
6,17,img901540295.png
7,18,img1183466298.png
12,6,img27771346.png
14,5,img1471808572.png
15,19,img27810122.png
16,100000006,img1768489743.png
21,22,img439082026.png
24,24,img1191570078.png
25,25,img2795641.png
26,26,img1305953922.png
27,100000014,img941191155.png
28,100000013,img913618413.png
29,10,img2017439580.png
30,100000012,img1821583264.png
31,8,img729853224.png
32,28,img1336033140.png
33,29,img1231636926.png
34,30,img319191188.png
36,32,img1152112847.png
38,34,img1004349858.png
39,35,img443730775.png
40,36,img575570394.png
41,37,img1969565900.png
43,16,img1930138164.png
44,100000010,img1000469056.png
45,100000007,img1925871654.png
47,20,img543721610.png
48,100000008,img640817792.png
49,21,img468339982.png
50,100000001,img439519276.png
51,100000002,img1271363294.png
52,100000020,img1536704274.png
53,100000003,img1111080181.png
54,100000005,img593866649.png
55,23,img1209372542.png
56,2,img1692168064.png
57,31,img1464984315.png
59,33,img631517331.png
