yearfact,inumfactura,codsubusu,fecha,inumexp,iyear,origen,nombrecli,domiciliocli,poblacioncli,provinciacli,codpostalcli,nifcli,iva,irpf,totalsuplidos,totalderechos,totalprovisiones,cueconcli,asiefact,yearcontafac,notas,totalsuplidoseuro,totalderechoseuro,totalprovisioneseuro,dcto,fechaconta,totalcobros,fracobrada,fechacobro,formapago,numrecibos,fechainirecibo,fecharestorecibo,conceptorecibo,cuentabanco,reffactu,totaldevolucion,ctahono,TotalIva,TotalIRPF,TotalDcto,Total,TotalIvaEuro,TotalIrpfeuro,TotalDctoEuro,TotalEuro,documento,observaciones,dctoimpresion,serie,ctaiva,ctairpf,totalsuplidosext,totalderechosext,totalivaext,totalirpfext,totalprovisionesext,totalext,totalhonoeuro,totalhonoext,totalgastoeuro,totalgastoext,totaldctoext,tipoBs,diario,tipologia1,tipologia2,tipologia3,berapresupuesto,inumprof,yearprof,codsubprof,tipproforma,inumfactabonada,yearfactabonada,codsubusuabonada,serieabonada,fechaabonada,refabonada,usarplazosfechafija,notas2,notas3,notas4,notas5,notas6,porrecargo,poriva,inumexprelacionado,iyearrelacionado,bcalculoportotal,rutaFirma,totarticuloeuro,totarticuloext,nombreClienteFirma,relacionClienteFirma,dniClienteFirma,rutaFirmaTrabajador,idiafechaprevcobro,IBAN,ccaja,BicSwift,fmandato,nmandato,sDirEntrega,sPobDirEn,sCPDirEn,sProvDirEn,sConDirEn,sTelConDirEn,sEmailConDirEn,icodcliOpor,dfechaOpor,lineaOpor,idplazos,icodEmisor,honoConDctoLin,totSoloDctoFact,totPortes,iddiascobro,iauto,importecobrado,totanticipos,backcolor,idtipofact,idtiporect,fechaEnvio,horacreacion,referencia,estadoFact,id,sdescripcion,created_on,estadoTicketBai,idClaveRegimenIva,idmotivorectificativafacturae,nombreComercialcli,idconfigemisor,subusucre,paiscli,idcaja,fechainikd,fechafinkd,modocomision,idcomision,idTipoComision,essimplificada,fechaOperacion,codExpContratacion,idClaseFactura,ctacobro,estadoVeriFactu,idtipoimpositivo,idClaveRegimenIGIC,refOperacionPedido,serieSimp,anulada,fechaanulada
2012,1,0,2012-11-13 00:00:00,1,0,cli,ALEJANDRO GARCIA GARCIA,C/ CONTE Nº 23,BARCELONA,BARCELONA,08036,12345678-Z,0.0000,0.0000,0.0000,16639.0000,0.0000,4300000000,19,2012,,0.0000,100.0000,0.0000,,2012-11-13 00:00:00,100.0000,1,2012-11-13 00:00:00,Contado,1,2012-11-22 00:00:00,2012-11-22 00:00:00,Pago Factura,11111111301111111111,,0.0,7050000000,0.0000,0.0000,,16639.0000,0.0000,0.0000,0.0000,100.0000,,,,,4770000007,,0.0000,0.0000,0.0000,0.0000,0.0000,0.0000,100.0000,0.0000,,,0.0000,C,S,,,,,,,,,,,,,,,1,,,,,,0.0000,0.0000,,,0,,,,,,,,,,,,,,,,,,,,,,,,,,,,,,,100.0,,,,,,,,,1,,,,,,,,,,,,,,,,,,,,,,,,,,,
2012,1,1,2012-11-26 00:00:00,7,0,cli,EMPRESA FERNANDEZ S.L.,C/ BERTAMIRANS Nº 36 BAJO,SANTIAGO DE COMPOSTELA,A CORUÑA,15005,87458985-J,0.0000,,0.0000,49916.0000,0.0000,4300000000,29,2012,,0.0000,300.0000,0.0000,,2012-11-26 00:00:00,160.5000,0,2012-12-06 00:00:00,Transferencia,2,2012-12-05 00:00:00,2013-01-05 00:00:00,Elaboración de informes,44444444104444444444,,0.0,7050000000,3494.0000,0.0000,0.0000,53410.0000,21.0000,0.0000,0.0000,321.0000,,,2012-1(1).doc,E,4770000007,,0.0000,0.0000,0.0000,0.0000,0.0000,0.0000,300.0000,0.0000,0.0000,0.0000,0.0000,C,S,,,,,,,,,,,,,,,1,,,,,,0.0000,0.0000,,,0,,,,,,,,,,,,,,,,,,,,,,,,,,,,,,,160.5,,,,,,,,,2,,,,,,,,,,,,,,,,,,,,,,,,,,,
2012,1,0,2012-12-01 00:00:00,41,0,cli,ADESLAS,,,,,,0.0000,0.0000,0.0000,14974.0000,0.0000,4300000000,17,2012,,0.0000,90.0000,0.0000,,2012-12-01 00:00:00,90.0000,1,2012-12-05 00:00:00,Transferencia,1,2012-12-01 00:00:00,1899-12-30 00:00:00,Cobro a mutua,,,0.0,7050000000,0.0000,0.0000,0.0000,14974.0000,0.0000,0.0000,0.0000,90.0000,,,,M,4770000007,,,,0.0000,0.0000,,0.0000,,,,,,C,S,,,,,,,,,,,,,,,1,,,,,,0.0000,0.0000,,,0,,,,,,,,,,,,,,,,,,,,,,,,,,,,,,,90.0,,,,,,,,,3,,,,,,,,,,,,,,,,,,,,,,,,,,,
2012,2,2,2012-11-30 00:00:00,1,0,cli,ALEJANDRO GARCIA GARCIA,C/ CONTE Nº 23,BARCELONA,BARCELONA,08036,12345678-Z,0.0000,0.0000,0.0000,16639.0000,0.0000,4300000000,21,2012,,0.0000,100.0000,0.0000,,2012-11-30 00:00:00,100.0000,1,2012-11-27 00:00:00,Tarjeta,,,,,11111111301111111111,,0.0,7050000000,0.0000,0.0000,0.0000,16639.0000,0.0000,0.0000,0.0000,100.0000,,,,,4770000007,,,,0.0000,0.0000,,0.0000,,,,,,C,S,,,,,,,,,,,,,,,1,,,,,,0.0000,0.0000,,,1,,,,,,,,,,,,,,,,,,,,,,,,,,,,,,,100.0,,,,,,,,,4,,,,,,,,,,,,,,,,,,,,,,,,,,,
2012,2,0,2012-12-31 00:00:00,49,0,cli,MUTUA GALLEGA,C/ Romero Fernández 27 ,A Coruña,A Coruña,15000,,0.0000,0.0000,0.0000,21630.0000,0.0000,4300000000,22,2012,,0.0000,130.0000,0.0000,,2012-12-31 00:00:00,130.0000,1,2012-12-31 00:00:00,Transferencia,1,2012-12-31 00:00:00,1899-12-30 00:00:00,Cobro a mutua,,,0.0,7050000000,0.0000,0.0000,0.0000,21630.0000,0.0000,0.0000,0.0000,130.0000,,,,M,4770000007,,,,0.0000,0.0000,,0.0000,,,,,,C,S,,,,,,,,,,,,,,,1,,,,,,0.0000,0.0000,,,0,,,,,,,,,,,,,,,,,,,,,,,,,,,,,,,130.0,,,,,,,,,5,,,,,,,,,,,,,,,,,,,,,,,,,,,
2012,3,0,2012-11-30 00:00:00,6,0,cli,ELOY RAMIREZ GONZALEZ,C/ CALVARIO Nº 23,VIGO,PONTEVEDRA,36000,53453456-F,0.0000,0.0000,0.0000,33277.0000,0.0000,4300000000,31,2012,,0.0000,200.0000,0.0000,,2012-11-30 00:00:00,100.0000,0,2012-11-30 00:00:00,Contado,1,2012-11-22 00:00:00,2012-11-22 00:00:00,Pago Factura,33333333903333333333,,0.0,7050000000,0.0000,0.0000,,33277.0000,0.0000,0.0000,0.0000,200.0000,,,2012-3(0).doc,,4770000007,,0.0000,0.0000,0.0000,0.0000,0.0000,0.0000,200.0000,0.0000,,,0.0000,C,S,,,,,,,,,,,,,,,1,,,,,,0.0000,0.0000,,,0,,,,,,,,,,,,,,,,,,,,,,,,,,,,,,,100.0,,,,,,,,,6,,,,,,,,,,,,,,,,,,,,,,,,,,,
2012,4,1,2012-12-07 00:00:00,7,0,cli,EMPRESA FERNANDEZ S.L.,C/ BERTAMIRANS Nº 36 BAJO,SANTIAGO DE COMPOSTELA,A CORUÑA,15005,87458985-J,0.0000,,0.0000,8319.0000,0.0000,4300000000,32,2012,,0.0000,50.0000,0.0000,,2012-12-07 00:00:00,100.0000,1,2012-12-10 00:00:00,Recibo,1,2012-12-07 00:00:00,1899-12-30 00:00:00,F. 4/2012 Consulta,44444444104444444444,,50.0,7050000000,0.0000,0.0000,0.0000,8319.0000,0.0000,0.0000,0.0000,50.0000,,,,,4770000007,,0.0000,0.0000,0.0000,0.0000,0.0000,0.0000,50.0000,0.0000,0.0000,0.0000,0.0000,C,S,,,,,,,,,,,,,,,1,,,,,,0.0000,0.0000,,,0,,,,,,,,,,,,,,,,,,,,,,,,,,,,,,,50.0,,,,,,,,,7,,,,,,,,,,,,,,,,,,,,,,,,,,,
2012,5,0,2012-12-18 00:00:00,41,0,cli,ADESLAS,,,,,,0.0000,0.0000,0.0000,3328.0000,0.0000,4300000000,40,2012,,0.0000,20.0000,0.0000,,2012-12-18 00:00:00,0.0000,0,,Transferencia,1,2012-12-18 00:00:00,1899-12-30 00:00:00,Cobro a mutua,,,0.0,7050000000,0.0000,0.0000,0.0000,3328.0000,0.0000,0.0000,0.0000,20.0000,,,,,4770000007,,,,0.0000,0.0000,,0.0000,,,,,,C,S,,,,,,,,,,,,,,,1,,,,,,0.0000,0.0000,,,0,,,,,,,,,,,,,,,,,,,,,,,,,,,,,,,0.0,,,,,,,,,8,,,,,,,,,,,,,,,,,,,,,,,,,,,
2013,1,1,2013-01-01 00:00:00,7,0,cli,EMPRESA FERNANDEZ S.L.,C/ BERTAMIRANS Nº 36 BAJO,SANTIAGO DE COMPOSTELA,A CORUÑA,15005,87458985-J,0.0000,0.0000,0.0000,14975.0000,0.0000,4300000000,20,2013,,0.0000,90.0000,0.0000,,2013-01-01 00:00:00,0.0000,0,,Transferencia,,,,,44444444104444444444,,0.0,7050000000,0.0000,0.0000,0.0000,14975.0000,0.0000,0.0000,0.0000,90.0000,,,,E,4770000007,,,,0.0000,0.0000,,0.0000,,,,,,C,S,,,,,,,,,,,,,,,1,,,,,,0.0000,0.0000,,,1,,,,,,,,,,,,,,,,,,,,,,,,,,,,,,,0.0,,,,,,,,,9,,,,,,,,,,,,,,,,,,,,,,,,,,,
2013,1,2,2013-04-11 00:00:00,13,0,cli,CRISTINA RAMOS QUIROS,C/ SARDIÑEIRA Nº 23,ARTEIXO,A CORUÑA,15000,55555555-K,0.0000,,0.0000,32445.0000,0.0000,4300000013,30,2013,Venta crema para tratamiento,0.0000,195.0000,0.0000,0.0000,2013-04-11 00:00:00,,0,,Tarjeta,1,2013-04-11 00:00:00,1899-12-30 00:00:00,COBRO  F.V1 VENTA CREMA,13131313701313131313,,0.0,7050000000,6133.0000,0.0000,3244.5000,35334.0000,36.8600,0.0000,19.5000,212.3600,,,,V,4770000007,,0.0000,0.0000,0.0000,0.0000,0.0000,0.0000,0.0000,0.0000,0.0000,0.0000,0.0000,C,S,,,,,,,,,,,,,,,1,,,,,,,0.0000,,,0,,195.0000,,,,,,,,,,,,,,,,,,,,,,,,,,,,,0.0,,,,,,,,,10,,,,,,,,,,,,,,,,,,,,,,,,,,,
2013,2,1,2013-02-01 00:00:00,7,0,cli,EMPRESA FERNANDEZ S.L.,C/ BERTAMIRANS Nº 36 BAJO,SANTIAGO DE COMPOSTELA,A CORUÑA,15005,87458985-J,0.0000,0.0000,0.0000,14975.0000,0.0000,4300000000,2,2013,,0.0000,90.0000,0.0000,,2013-02-01 00:00:00,0.0000,0,,Transferencia,,,,,44444444104444444444,,0.0,7050000000,0.0000,0.0000,0.0000,14975.0000,0.0000,0.0000,0.0000,90.0000,,,,E,4770000007,,,,0.0000,0.0000,,0.0000,,,,,,C,S,,,,,,,,,,,,,,,1,,,,,,0.0000,0.0000,,,1,,,,,,,,,,,,,,,,,,,,,,,,,,,,,,,0.0,,,,,,,,,11,,,,,,,,,,,,,,,,,,,,,,,,,,,
2013,3,1,2013-03-01 00:00:00,7,0,cli,EMPRESA FERNANDEZ S.L.,C/ BERTAMIRANS Nº 36 BAJO,SANTIAGO DE COMPOSTELA,A CORUÑA,15005,87458985-J,0.0000,0.0000,0.0000,14975.0000,0.0000,4300000000,3,2013,,0.0000,90.0000,0.0000,,2013-03-01 00:00:00,0.0000,0,,Transferencia,,,,,44444444104444444444,,0.0,7050000000,0.0000,0.0000,0.0000,14975.0000,0.0000,0.0000,0.0000,90.0000,,,,E,4770000007,,,,0.0000,0.0000,,0.0000,,,,,,C,S,,,,,,,,,,,,,,,1,,,,,,0.0000,0.0000,,,1,,,,,,,,,,,,,,,,,,,,,,,,,,,,,,,0.0,,,,,,,,,12,,,,,,,,,,,,,,,,,,,,,,,,,,,
2013,4,1,2013-04-01 00:00:00,7,0,cli,EMPRESA FERNANDEZ S.L.,C/ BERTAMIRANS Nº 36 BAJO,SANTIAGO DE COMPOSTELA,A CORUÑA,15005,87458985-J,0.0000,0.0000,0.0000,14975.0000,0.0000,4300000000,4,2013,,0.0000,90.0000,0.0000,,2013-04-01 00:00:00,0.0000,0,,Transferencia,,,,,44444444104444444444,,0.0,7050000000,0.0000,0.0000,0.0000,14975.0000,0.0000,0.0000,0.0000,90.0000,,,,E,4770000007,,,,0.0000,0.0000,,0.0000,,,,,,C,S,,,,,,,,,,,,,,,1,,,,,,0.0000,0.0000,,,1,,,,,,,,,,,,,,,,,,,,,,,,,,,,,,,0.0,,,,,,,,,13,,,,,,,,,,,,,,,,,,,,,,,,,,,
2013,5,1,2013-05-01 00:00:00,7,0,cli,EMPRESA FERNANDEZ S.L.,C/ BERTAMIRANS Nº 36 BAJO,SANTIAGO DE COMPOSTELA,A CORUÑA,15005,87458985-J,0.0000,0.0000,0.0000,14975.0000,0.0000,4300000000,5,2013,,0.0000,90.0000,0.0000,,2013-05-01 00:00:00,0.0000,0,,Transferencia,,,,,44444444104444444444,,0.0,7050000000,0.0000,0.0000,0.0000,14975.0000,0.0000,0.0000,0.0000,90.0000,,,,E,4770000007,,,,0.0000,0.0000,,0.0000,,,,,,C,S,,,,,,,,,,,,,,,1,,,,,,0.0000,0.0000,,,1,,,,,,,,,,,,,,,,,,,,,,,,,,,,,,,0.0,,,,,,,,,14,,,,,,,,,,,,,,,,,,,,,,,,,,,
2013,6,1,2013-06-01 00:00:00,7,0,cli,EMPRESA FERNANDEZ S.L.,C/ BERTAMIRANS Nº 36 BAJO,SANTIAGO DE COMPOSTELA,A CORUÑA,15005,87458985-J,0.0000,0.0000,0.0000,14975.0000,0.0000,4300000000,6,2013,,0.0000,90.0000,0.0000,,2013-06-01 00:00:00,0.0000,0,,Transferencia,,,,,44444444104444444444,,0.0,7050000000,0.0000,0.0000,0.0000,14975.0000,0.0000,0.0000,0.0000,90.0000,,,,E,4770000007,,,,0.0000,0.0000,,0.0000,,,,,,C,S,,,,,,,,,,,,,,,1,,,,,,0.0000,0.0000,,,1,,,,,,,,,,,,,,,,,,,,,,,,,,,,,,,0.0,,,,,,,,,15,,,,,,,,,,,,,,,,,,,,,,,,,,,
2013,7,1,2013-07-01 00:00:00,7,0,cli,EMPRESA FERNANDEZ S.L.,C/ BERTAMIRANS Nº 36 BAJO,SANTIAGO DE COMPOSTELA,A CORUÑA,15005,87458985-J,0.0000,0.0000,0.0000,14975.0000,0.0000,4300000000,7,2013,,0.0000,90.0000,0.0000,,2013-07-01 00:00:00,0.0000,0,,Transferencia,,,,,44444444104444444444,,0.0,7050000000,0.0000,0.0000,0.0000,14975.0000,0.0000,0.0000,0.0000,90.0000,,,,E,4770000007,,,,0.0000,0.0000,,0.0000,,,,,,C,S,,,,,,,,,,,,,,,1,,,,,,0.0000,0.0000,,,1,,,,,,,,,,,,,,,,,,,,,,,,,,,,,,,0.0,,,,,,,,,16,,,,,,,,,,,,,,,,,,,,,,,,,,,
2013,8,1,2013-08-01 00:00:00,7,0,cli,EMPRESA FERNANDEZ S.L.,C/ BERTAMIRANS Nº 36 BAJO,SANTIAGO DE COMPOSTELA,A CORUÑA,15005,87458985-J,0.0000,0.0000,0.0000,14975.0000,0.0000,4300000000,8,2013,,0.0000,90.0000,0.0000,,2013-08-01 00:00:00,0.0000,0,,Transferencia,,,,,44444444104444444444,,0.0,7050000000,0.0000,0.0000,0.0000,14975.0000,0.0000,0.0000,0.0000,90.0000,,,,E,4770000007,,,,0.0000,0.0000,,0.0000,,,,,,C,S,,,,,,,,,,,,,,,1,,,,,,0.0000,0.0000,,,1,,,,,,,,,,,,,,,,,,,,,,,,,,,,,,,0.0,,,,,,,,,17,,,,,,,,,,,,,,,,,,,,,,,,,,,
2013,9,1,2013-09-01 00:00:00,7,0,cli,EMPRESA FERNANDEZ S.L.,C/ BERTAMIRANS Nº 36 BAJO,SANTIAGO DE COMPOSTELA,A CORUÑA,15005,87458985-J,0.0000,0.0000,0.0000,14975.0000,0.0000,4300000000,9,2013,,0.0000,90.0000,0.0000,,2013-09-01 00:00:00,0.0000,0,,Transferencia,,,,,44444444104444444444,,0.0,7050000000,0.0000,0.0000,0.0000,14975.0000,0.0000,0.0000,0.0000,90.0000,,,,E,4770000007,,,,0.0000,0.0000,,0.0000,,,,,,C,S,,,,,,,,,,,,,,,1,,,,,,0.0000,0.0000,,,1,,,,,,,,,,,,,,,,,,,,,,,,,,,,,,,0.0,,,,,,,,,18,,,,,,,,,,,,,,,,,,,,,,,,,,,
2013,10,1,2013-10-01 00:00:00,7,0,cli,EMPRESA FERNANDEZ S.L.,C/ BERTAMIRANS Nº 36 BAJO,SANTIAGO DE COMPOSTELA,A CORUÑA,15005,87458985-J,0.0000,0.0000,0.0000,14975.0000,0.0000,4300000000,10,2013,,0.0000,90.0000,0.0000,,2013-10-01 00:00:00,0.0000,0,,Transferencia,,,,,44444444104444444444,,0.0,7050000000,0.0000,0.0000,0.0000,14975.0000,0.0000,0.0000,0.0000,90.0000,,,,E,4770000007,,,,0.0000,0.0000,,0.0000,,,,,,C,S,,,,,,,,,,,,,,,1,,,,,,0.0000,0.0000,,,1,,,,,,,,,,,,,,,,,,,,,,,,,,,,,,,0.0,,,,,,,,,19,,,,,,,,,,,,,,,,,,,,,,,,,,,
2013,11,1,2013-11-01 00:00:00,7,0,cli,EMPRESA FERNANDEZ S.L.,C/ BERTAMIRANS Nº 36 BAJO,SANTIAGO DE COMPOSTELA,A CORUÑA,15005,87458985-J,0.0000,0.0000,0.0000,14975.0000,0.0000,4300000000,11,2013,,0.0000,90.0000,0.0000,,2013-11-01 00:00:00,0.0000,0,,Transferencia,,,,,44444444104444444444,,0.0,7050000000,0.0000,0.0000,0.0000,14975.0000,0.0000,0.0000,0.0000,90.0000,,,,E,4770000007,,,,0.0000,0.0000,,0.0000,,,,,,C,S,,,,,,,,,,,,,,,1,,,,,,0.0000,0.0000,,,1,,,,,,,,,,,,,,,,,,,,,,,,,,,,,,,0.0,,,,,,,,,20,,,,,,,,,,,,,,,,,,,,,,,,,,,
2013,12,1,2013-12-01 00:00:00,7,0,cli,EMPRESA FERNANDEZ S.L.,C/ BERTAMIRANS Nº 36 BAJO,SANTIAGO DE COMPOSTELA,A CORUÑA,15005,87458985-J,0.0000,0.0000,0.0000,14975.0000,0.0000,4300000000,21,2013,,0.0000,90.0000,0.0000,,2013-12-01 00:00:00,0.0000,0,,Transferencia,,,,,44444444104444444444,,0.0,7050000000,0.0000,0.0000,0.0000,14975.0000,0.0000,0.0000,0.0000,90.0000,,,,E,4770000007,,,,0.0000,0.0000,,0.0000,,,,,,C,S,,,,,,,,,,,,,,,1,,,,,,0.0000,0.0000,,,1,,,,,,,,,,,,,,,,,,,,,,,,,,,,,,,0.0,,,,,,,,,21,,,,,,,,,,,,,,,,,,,,,,,,,,,
2021,6,0,2021-06-01 00:00:00,3,0,cli,MARIA CANOSA FANDIÑO,C/ GARCIA BARBON,VIGO,PONTEVEDRA,36000,86746563-Q,0.0000,0.0000,0.0000,133109.0000,0.0000,4300000000,1,2021,FACTURAS Oportunidad 15/12/2021 Tratamiento Oferta 10%,0.0000,800.0000,0.0000,,2021-06-01 00:00:00,,0,,,1,2021-05-28 00:00:00,2021-06-28 00:00:00,,66666666706666666666,,,7050000000,0.0000,0.0000,0.0000,133109.0000,0.0000,0.0000,0.0000,800.0000,,,,,4770000007,,0.0000,0.0000,0.0000,0.0000,0.0000,0.0000,800.0000,0.0000,0.0000,0.0000,0.0000,C,S,,,,,,,,,,,,,,,1,,,,,,0.0000,0.0000,,,,,0.0000,0.0000,,,,,,,0,,,,,,,,,,,3,2022-09-19 00:00:00,1,,,,,,,,0.0,0.0000,,,,,2021-05-28 10:14:38.553000,,,71,,,,,,,,,,,,,,,,,,,,,,,,,,,
2021,7,0,2021-06-01 00:00:00,3,0,cli,MARIA CANOSA FANDIÑO,C/ GARCIA BARBON,VIGO,PONTEVEDRA,36000,86746563-Q,0.0000,0.0000,0.0000,133109.0000,0.0000,4300000000,2,2021,FACTURAS Oportunidad 15/11/2021 Tratamiento Oferta 10%,0.0000,800.0000,0.0000,,2021-06-01 00:00:00,,0,,,1,2021-05-28 00:00:00,2021-06-28 00:00:00,,66666666706666666666,,,7050000000,0.0000,0.0000,0.0000,133109.0000,0.0000,0.0000,0.0000,800.0000,,,,,4770000007,,0.0000,0.0000,0.0000,0.0000,0.0000,0.0000,800.0000,0.0000,0.0000,0.0000,0.0000,C,S,,,,,,,,,,,,,,,1,,,,,,0.0000,0.0000,,,,,0.0000,0.0000,,,,,,,0,,,,,,,,,,,3,2022-09-01 00:00:00,2,,,,,,,,0.0,0.0000,,,,,2021-05-28 10:14:42.710000,,,70,,,,,,,,,,,,,,,,,,,,,,,,,,,
2021,8,0,2021-06-01 00:00:00,3,0,cli,MARIA CANOSA FANDIÑO,C/ GARCIA BARBON,VIGO,PONTEVEDRA,36000,86746563-Q,0.0000,0.0000,0.0000,133109.0000,0.0000,4300000000,3,2021,FACTURAS Oportunidad 15/10/2021 Tratamiento Oferta 10%,0.0000,800.0000,0.0000,,2021-06-01 00:00:00,,0,,,1,2021-05-28 00:00:00,2021-06-28 00:00:00,,66666666706666666666,,,7050000000,0.0000,0.0000,0.0000,133109.0000,0.0000,0.0000,0.0000,800.0000,,,,,4770000007,,0.0000,0.0000,0.0000,0.0000,0.0000,0.0000,800.0000,0.0000,0.0000,0.0000,0.0000,C,S,,,,,,,,,,,,,,,1,,,,,,0.0000,0.0000,,,,,0.0000,0.0000,,,,,,,0,,,,,,,,,,,3,2022-07-15 00:00:00,1,,,,,,,,0.0,0.0000,,,,,2021-05-28 10:14:46.587000,,,69,,,,,,,,,,,,,,,,,,,,,,,,,,,
2021,9,0,2021-06-01 00:00:00,3,0,cli,MARIA CANOSA FANDIÑO,C/ GARCIA BARBON,VIGO,PONTEVEDRA,36000,86746563-Q,0.0000,0.0000,0.0000,133109.0000,0.0000,4300000000,4,2021,FACTURAS Oportunidad 15/09/2021 Tratamiento Oferta 10%,0.0000,800.0000,0.0000,,2021-06-01 00:00:00,,0,,,1,2021-05-28 00:00:00,2021-06-28 00:00:00,,66666666706666666666,,,7050000000,0.0000,0.0000,0.0000,133109.0000,0.0000,0.0000,0.0000,800.0000,,,,,4770000007,,0.0000,0.0000,0.0000,0.0000,0.0000,0.0000,800.0000,0.0000,0.0000,0.0000,0.0000,C,S,,,,,,,,,,,,,,,1,,,,,,0.0000,0.0000,,,,,0.0000,0.0000,,,,,,,0,,,,,,,,,,,3,2022-07-15 00:00:00,2,,,,,,,,0.0,0.0000,,,,,2021-05-28 10:14:49.930000,,,68,,,,,,,,,,,,,,,,,,,,,,,,,,,
2021,10,0,2021-06-01 00:00:00,3,0,cli,MARIA CANOSA FANDIÑO,C/ GARCIA BARBON,VIGO,PONTEVEDRA,36000,86746563-Q,0.0000,0.0000,0.0000,133109.0000,0.0000,4300000000,5,2021,FACTURAS Oportunidad 15/08/2021 Tratamiento Oferta 10%,0.0000,800.0000,0.0000,,2021-06-01 00:00:00,,0,,,1,2021-05-28 00:00:00,2021-06-28 00:00:00,,66666666706666666666,,,7050000000,0.0000,0.0000,0.0000,133109.0000,0.0000,0.0000,0.0000,800.0000,,,,,4770000007,,0.0000,0.0000,0.0000,0.0000,0.0000,0.0000,800.0000,0.0000,0.0000,0.0000,0.0000,C,S,,,,,,,,,,,,,,,1,,,,,,0.0000,0.0000,,,,,0.0000,0.0000,,,,,,,0,,,,,,,,,,,3,2022-07-15 00:00:00,3,,,,,,,,0.0,0.0000,,,,,2021-05-28 10:14:53.150000,,,67,,,,,,,,,,,,,,,,,,,,,,,,,,,
2021,11,0,2021-06-01 00:00:00,3,0,cli,MARIA CANOSA FANDIÑO,C/ GARCIA BARBON,VIGO,PONTEVEDRA,36000,86746563-Q,0.0000,0.0000,0.0000,133109.0000,0.0000,4300000000,6,2021,FACTURAS Oportunidad 15/07/2021 Tratamiento Oferta 10%,0.0000,800.0000,0.0000,,2021-06-01 00:00:00,,0,,,1,2021-05-28 00:00:00,2021-06-28 00:00:00,,66666666706666666666,,,7050000000,0.0000,0.0000,0.0000,133109.0000,0.0000,0.0000,0.0000,800.0000,,,,,4770000007,,0.0000,0.0000,0.0000,0.0000,0.0000,0.0000,800.0000,0.0000,0.0000,0.0000,0.0000,C,S,,,,,,,,,,,,,,,1,,,,,,0.0000,0.0000,,,,,0.0000,0.0000,,,,,,,0,,,,,,,,,,,3,2022-07-15 00:00:00,4,,,,,,,,0.0,0.0000,,,,,2021-05-28 10:14:56.307000,,,66,,,,,,,,,,,,,,,,,,,,,,,,,,,
2021,12,0,2021-06-01 00:00:00,3,0,cli,MARIA CANOSA FANDIÑO,C/ GARCIA BARBON,VIGO,PONTEVEDRA,36000,86746563-Q,0.0000,0.0000,0.0000,133109.0000,0.0000,4300000000,7,2021,FACTURAS Oportunidad 15/06/2021 Tratamiento Oferta 10%,0.0000,800.0000,0.0000,,2021-06-01 00:00:00,,0,,,1,2021-05-28 00:00:00,2021-06-28 00:00:00,,66666666706666666666,,,7050000000,0.0000,0.0000,0.0000,133109.0000,0.0000,0.0000,0.0000,800.0000,,,,,4770000007,,0.0000,0.0000,0.0000,0.0000,0.0000,0.0000,800.0000,0.0000,0.0000,0.0000,0.0000,C,S,,,,,,,,,,,,,,,1,,,,,,0.0000,0.0000,,,,,0.0000,0.0000,,,,,,,0,,,,,,,,,,,3,2022-07-15 00:00:00,5,,,,,,,,0.0,0.0000,,,,,2021-05-28 10:14:59.260000,,,65,,,,,,,,,,,,,,,,,,,,,,,,,,,
2021,13,0,2021-06-01 00:00:00,3,0,cli,MARIA CANOSA FANDIÑO,C/ GARCIA BARBON,VIGO,PONTEVEDRA,36000,86746563-Q,0.0000,0.0000,0.0000,133109.0000,0.0000,4300000000,8,2021,FACTURAS Oportunidad 28/05/2021 Tratamiento Oferta 10%,0.0000,800.0000,0.0000,,2021-06-01 00:00:00,,0,,,1,2021-05-28 00:00:00,2021-06-28 00:00:00,,66666666706666666666,,,7050000000,0.0000,0.0000,0.0000,133109.0000,0.0000,0.0000,0.0000,800.0000,,,,,4770000007,,0.0000,0.0000,0.0000,0.0000,0.0000,0.0000,800.0000,0.0000,0.0000,0.0000,0.0000,C,S,,,,,,,,,,,,,,,1,,,,,,0.0000,0.0000,,,,,0.0000,0.0000,,,,,,,0,,,,,,,,,,,3,2022-07-15 00:00:00,6,,,,,,,,0.0,0.0000,,,,,2021-05-28 10:15:02.557000,,,64,,,,,,,,,,,,,,,,,,,,,,,,,,,
2021,14,0,2021-02-01 00:00:00,41,0,cli,ADESLAS,,,,,,0.0000,0.0000,0.0000,34941.0000,0.0000,4300000000,11,2021,,0.0000,210.0000,0.0000,,2021-02-01 00:00:00,0.0000,0,,Transferencia,1,2021-02-01 00:00:00,1899-12-30 00:00:00,Cobro a aseguradora,,,0.0,7050000000,0.0000,0.0000,0.0000,34941.0000,0.0000,0.0000,0.0000,210.0000,,,,,4770000007,,,,0.0000,0.0000,,0.0000,210.0000,0.0000,,,,C,S,,,,,,,,,,,,,,,1,,,,,,,0.0000,,,0,,,,,,,,,,0,,,,,,,,,,,,,,,,210.0000,0.0000,0.0000,,,0.0,,,,,,2021-06-17 14:16:24.923000,,,22,,,,,,,,,,,,,,,,,,,,,,,,,,,
2021,14,2,2021-05-28 00:00:00,1,0,cli,ALEJANDRO GARCIA GARCIA,C/ CONTE Nº 23,BARCELONA,BARCELONA,08036,12345678-Z,0.0000,,0.0000,83193.0000,0.0000,4300000000,9,2021,,0.0000,500.0000,0.0000,0.0000,2021-05-28 00:00:00,,,,Contado,1,2021-05-28 00:00:00,2021-06-28 00:00:00,,,,,7050000000,0.0000,0.0000,0.0000,83193.0000,0.0000,0.0000,0.0000,500.0000,,,,,4770000007,,0.0000,0.0000,0.0000,0.0000,0.0000,0.0000,500.0000,0.0000,0.0000,0.0000,0.0000,,S,,,,,,,,,,,,,,,1,,,,,,,0.0000,,,,,0.0000,0.0000,,,,,,,0,,,,,,,,,,,,,,,,,,,,,0.0,0.0000,,1,,,2021-05-28 10:15:41.027000,,,23,,,,,,,,,,,,,,,,,,,1,,,,,,,,
2021,15,0,2021-05-01 00:00:00,41,0,cli,ADESLAS,,,,,,0.0000,0.0000,0.0000,46588.0000,0.0000,4300000000,12,2021,,0.0000,280.0000,0.0000,,2021-05-01 00:00:00,280.0000,1,2021-06-21 00:00:00,Transferencia,1,2021-05-01 00:00:00,1899-12-30 00:00:00,Cobro a aseguradora,,,0.0,7050000000,0.0000,0.0000,0.0000,46588.0000,0.0000,0.0000,0.0000,280.0000,,,,,4770000007,,,,0.0000,0.0000,,0.0000,280.0000,0.0000,,,,C,S,,,,,,,,,,,,,,,1,,,,,,,0.0000,,,0,,,,,,,,,,0,,,,,,,,,,,,,,,,280.0000,0.0000,0.0000,,,280.0,,,,,,2021-06-17 14:16:58.703000,,,24,,,,,,,,,,,,,,,,,,,,,,,,,,,
2021,16,0,2021-09-15 00:00:00,41,0,cli,ADESLAS,,,,,,0.0000,0.0000,0.0000,15807.0000,0.0000,4300000000,13,2021,,0.0000,95.0000,0.0000,,2021-09-15 00:00:00,0.0000,0,,Transferencia,1,2021-09-15 00:00:00,1899-12-30 00:00:00,Cobro a aseguradora,,,0.0,7050000000,0.0000,0.0000,0.0000,15807.0000,0.0000,0.0000,0.0000,95.0000,,,,,4770000007,,,,0.0000,0.0000,,0.0000,95.0000,0.0000,,,,C,S,,,,,,,,,,,,,,,1,,,,,,,0.0000,,,0,,,,,,,,,,0,,,,,,,,,,,,,,,,95.0000,0.0000,0.0000,,,0.0,,,,,,2021-06-17 14:18:09.390000,,,25,,,,,,,,,,,,,,,,,,,,,,,,,,,
2021,17,0,2021-09-15 00:00:00,49,0,cli,MUTUA GALLEGA,C/ Romero Fernández 27 ,A Coruña,A Coruña,15000,,0.0000,0.0000,0.0000,23294.0000,0.0000,4300000000,14,2021,,0.0000,140.0000,0.0000,,2021-09-15 00:00:00,0.0000,0,,Transferencia,1,2021-09-15 00:00:00,1899-12-30 00:00:00,Cobro a aseguradora,,,0.0,7050000000,0.0000,0.0000,0.0000,23294.0000,0.0000,0.0000,0.0000,140.0000,,,,,4770000007,,,,0.0000,0.0000,,0.0000,140.0000,0.0000,,,,C,S,,,,,,,,,,,,,,,1,,,,,,,0.0000,,,0,,,,,,,,,,0,,,,,,,,,,,,,,,,140.0000,0.0000,0.0000,,,0.0,,7661308,,,,2021-06-17 14:18:13.970000,,,26,,,,,,,,,,,,,,,,,,,,,,,,,,,
2021,18,0,2021-10-23 00:00:00,41,0,cli,ADESLAS,,,,,,0.0000,0.0000,0.0000,23294.0000,0.0000,4300000000,15,2021,,0.0000,140.0000,0.0000,,2021-10-23 00:00:00,140.0000,1,2021-06-21 00:00:00,Transferencia,1,2021-10-23 00:00:00,1899-12-30 00:00:00,Cobro a aseguradora,,,0.0,7050000000,0.0000,0.0000,0.0000,23294.0000,0.0000,0.0000,0.0000,140.0000,,,,,4770000007,,,,0.0000,0.0000,,0.0000,140.0000,0.0000,,,,C,S,,,,,,,,,,,,,,,1,,,,,,,0.0000,,,0,,,,,,,,,,0,,,,,,,,,,,,,,,,140.0000,0.0000,0.0000,,,140.0,,,,,,2021-06-17 14:18:44.407000,,,27,,,,,,,,,,,,,,,,,,,,,,,,,,,
2021,19,0,2021-10-23 00:00:00,42,0,cli,FREMAP,,,,,,0.0000,0.0000,0.0000,16639.0000,0.0000,4300000000,16,2021,,0.0000,100.0000,0.0000,,2021-10-23 00:00:00,0.0000,0,,Transferencia,1,2021-10-23 00:00:00,1899-12-30 00:00:00,Cobro a aseguradora,,,0.0,7050000000,0.0000,0.0000,0.0000,16639.0000,0.0000,0.0000,0.0000,100.0000,,,,,4770000007,,,,0.0000,0.0000,,0.0000,100.0000,0.0000,,,,C,S,,,,,,,,,,,,,,,1,,,,,,,0.0000,,,0,,,,,,,,,,0,,,,,,,,,,,,,,,,100.0000,0.0000,0.0000,,,0.0,,,,,,2021-06-17 14:18:49.047000,,,28,,,,,,,,,,,,,,,,,,,,,,,,,,,
2021,20,0,2021-01-10 00:00:00,6,0,cli,ELOY RAMIREZ GONZALEZ,C/ CALVARIO Nº 23,VIGO,PONTEVEDRA,36000,53453456-F,0.0000,,0.0000,0.0000,0.0000,4300000000,17,2021,,0.0000,0.0000,0.0000,,2021-01-10 00:00:00,100.0000,1,2021-06-21 00:00:00,Transferencia,,,,,,,,7050000000,0.0000,0.0000,0.0000,0.0000,0.0000,0.0000,0.0000,0.0000,,,,,4770000007,,0.0000,0.0000,0.0000,0.0000,0.0000,0.0000,0.0000,0.0000,0.0000,0.0000,0.0000,,S,,,,,,,,,,,,,,,,,,,,,,0.0000,,,1,,0.0000,0.0000,,,,,,,,,,,,,,,,,,,,,,,,,,,,100.0,0.0000,,,,,2021-06-21 17:22:37.053000,,,29,,,,,,,,,,,,,,,,,,,,,,,,,,,
2021,21,0,2021-01-10 00:00:00,41,0,cli,ADESLAS,,,,,4646465,0.0000,,0.0000,3328.0000,0.0000,4300000000,18,2021,,0.0000,20.0000,0.0000,,2021-01-10 00:00:00,,,,Transferencia,,,,,,,,7050000000,0.0000,0.0000,0.0000,3328.0000,0.0000,0.0000,0.0000,20.0000,,,,,4770000007,,0.0000,20.0000,0.0000,0.0000,0.0000,20.0000,20.0000,20.0000,0.0000,0.0000,0.0000,,S,,,,,,,,,,,,,,,,,,,,,,0.0000,,,1,,0.0000,0.0000,,,,,,,,,,,,,,,,,,,,,,,,,,,,0.0,0.0000,,,,,2021-06-21 17:22:40.743000,,,30,,,,,,,,,,,,,,,,,,,,,,,,,,,
2021,22,0,2021-02-10 00:00:00,7,0,cli,EMPRESA FERNANDEZ S.L.,C/ BERTAMIRANS Nº 36 BAJO,SANTIAGO DE COMPOSTELA,A CORUÑA,15005,87458985-J,0.0000,,0.0000,14975.0000,0.0000,4300000000,19,2021,,0.0000,90.0000,0.0000,,2021-02-10 00:00:00,,,,Transferencia,,,,,,,,7050000000,0.0000,0.0000,0.0000,14975.0000,0.0000,0.0000,0.0000,90.0000,,,,,4770000007,,0.0000,90.0000,0.0000,0.0000,0.0000,90.0000,90.0000,90.0000,0.0000,0.0000,0.0000,,S,,,,,,,,,,,,,,,,,,,,,,0.0000,,,1,,0.0000,0.0000,,,,,,,,,,,,,,,,,,,,,,,,,,,,0.0,0.0000,,,,,2021-06-21 17:23:03.977000,,,31,,,,,,,,,,,,,,,,,,,,,,,,,,,
2021,23,0,2021-02-10 00:00:00,8,0,cli,TRANSPORTES ALTDIR,POLIGONO DE LA FUENTE SECTOR C Nº 23,MADRID,MADRID,28000,32165498-K,0.0000,,0.0000,83193.0000,0.0000,4300000000,20,2021,,0.0000,500.0000,0.0000,,2021-02-10 00:00:00,250.0000,0,2012-12-10 00:00:00,Recibo,,,,,,,250.0,7050000000,0.0000,0.0000,0.0000,83192.0000,0.0000,0.0000,0.0000,500.0000,,,,,4770000007,,0.0000,500.0000,0.0000,0.0000,0.0000,500.0000,500.0000,500.0000,0.0000,0.0000,0.0000,,S,,,,,,,,,,,,,,,,,,,,,,0.0000,,,1,,0.0000,0.0000,,,,,,,,,,,,,,,,,,,,,,,,,,,,0.0,0.0000,,,,,2021-06-21 17:23:07.993000,,,32,,,,,,,,,,,,,,,,,,,,,,,,,,,
2021,24,0,2021-03-10 00:00:00,2,0,cli,MANUELA IGLESIAS CRISOL,C/ MONTE DAS MOAS,A CORUÑA,A CORUÑA,15000,23451234-C,0.0000,,0.0000,0.0000,0.0000,4300000000,21,2021,,0.0000,0.0000,0.0000,,2021-03-10 00:00:00,0.0000,1,2021-06-18 00:00:00,Tarjeta,,,,,,,,7050000000,0.0000,0.0000,0.0000,0.0000,0.0000,0.0000,0.0000,0.0000,,,,,4770000007,,0.0000,0.0000,0.0000,0.0000,0.0000,0.0000,0.0000,0.0000,0.0000,0.0000,0.0000,,S,,,,,,,,,,,,,,,,,,,,,,0.0000,,,1,,0.0000,0.0000,,,,,,,,,,,,,,,,,,,,,,,,,,,,0.0,0.0000,,,,,2021-06-21 17:23:44.620000,,,33,,,,,,,,,,,,,,,,,,,,,,,,,,,
2021,25,0,2021-03-10 00:00:00,3,0,cli,MARIA CANOSA FANDIÑO,C/ GARCIA BARBON,VIGO,PONTEVEDRA,36000,86746563-Q,0.0000,,0.0000,8319.0000,0.0000,4300000000,23,2021,,0.0000,50.0000,0.0000,,2021-03-10 00:00:00,50.0000,1,2021-06-21 00:00:00,Contado,,,,,,,,7050000000,0.0000,0.0000,0.0000,8319.0000,0.0000,0.0000,0.0000,50.0000,,,,,4770000007,,0.0000,50.0000,0.0000,0.0000,0.0000,50.0000,50.0000,50.0000,0.0000,0.0000,0.0000,,S,,,,,,,,,,,,,,,,,,,,,,0.0000,,,1,,0.0000,0.0000,,,,,,,,,,,,,,,,,,,,,,,,,,,,50.0,0.0000,,,,,2021-06-21 17:23:52.150000,,,34,,,,,,,,,,,,,,,,,,,,,,,,,,,
2021,26,0,2021-03-10 00:00:00,5,0,cli,LUCIA MARTINEZ DIOS,C/ ROSALIA DE CASTRO Nº 56 2º A,SANTIAGO DE COMPOSTELA,A CORUÑA,15000,75657485-C,0.0000,,0.0000,5200.0000,0.0000,4300000000,24,2021,,0.0000,31.2500,0.0000,,2021-03-10 00:00:00,31.2500,1,2021-06-21 00:00:00,Contado,,,,,,,,7050000000,0.0000,0.0000,0.0000,5200.0000,0.0000,0.0000,0.0000,31.2500,,,,,4770000007,,0.0000,31.2500,0.0000,0.0000,0.0000,31.2500,31.2500,31.2500,0.0000,0.0000,0.0000,,S,,,,,,,,,,,,,,,,,,,,,,0.0000,,,1,,0.0000,0.0000,,,,,,,,,,,,,,,,,,,,,,,,,,,,31.25,0.0000,,,,,2021-06-21 17:23:56.307000,,,35,,,,,,,,,,,,,,,,,,,,,,,,,,,
2021,27,0,2021-04-20 00:00:00,1,0,cli,ALEJANDRO GARCIA GARCIA,C/ CONTE Nº 23,BARCELONA,BARCELONA,08036,12345678-Z,0.0000,,0.0000,8319.0000,0.0000,4300000000,26,2021,,0.0000,50.0000,0.0000,,2021-04-20 00:00:00,,,,Tarjeta,,,,,,,,7050000000,0.0000,0.0000,0.0000,8319.0000,0.0000,0.0000,0.0000,50.0000,,,,,4770000007,,0.0000,50.0000,0.0000,0.0000,0.0000,50.0000,50.0000,50.0000,0.0000,0.0000,0.0000,,S,,,,,,,,,,,,,,,,,,,,,,0.0000,,,1,,0.0000,0.0000,,,,,,,,,,,,,,,,,,,,,,,,,,,,0.0,0.0000,,,,,2021-06-21 17:24:20.430000,,,36,,,,,,,,,,,,,,,,,,,,,,,,,,,
2021,28,0,2021-04-20 00:00:00,2,0,cli,MANUELA IGLESIAS CRISOL,C/ MONTE DAS MOAS,A CORUÑA,A CORUÑA,15000,23451234-C,0.0000,,0.0000,8319.0000,0.0000,4300000000,27,2021,,0.0000,50.0000,0.0000,,2021-04-20 00:00:00,,,,Tarjeta,,,,,,,,7050000000,0.0000,0.0000,0.0000,8319.0000,0.0000,0.0000,0.0000,50.0000,,,,,4770000007,,0.0000,50.0000,0.0000,0.0000,0.0000,50.0000,50.0000,50.0000,0.0000,0.0000,0.0000,,S,,,,,,,,,,,,,,,,,,,,,,0.0000,,,1,,0.0000,0.0000,,,,,,,,,,,,,,,,,,,,,,,,,,,,0.0,0.0000,,,,,2021-06-21 17:24:23.930000,,,37,,,,,,,,,,,,,,,,,,,,,,,,,,,
2021,29,0,2021-04-20 00:00:00,3,0,cli,MARIA CANOSA FANDIÑO,C/ GARCIA BARBON,VIGO,PONTEVEDRA,36000,86746563-Q,0.0000,,0.0000,8319.0000,0.0000,4300000000,28,2021,,0.0000,50.0000,0.0000,,2021-04-20 00:00:00,,,,Tarjeta,,,,,,,,7050000000,0.0000,0.0000,0.0000,8319.0000,0.0000,0.0000,0.0000,50.0000,,,,,4770000007,,0.0000,50.0000,0.0000,0.0000,0.0000,50.0000,50.0000,50.0000,0.0000,0.0000,0.0000,,S,,,,,,,,,,,,,,,,,,,,,,0.0000,,,1,,0.0000,0.0000,,,,,,,,,,,,,,,,,,,,,,,,,,,,0.0,0.0000,,,,,2021-06-21 17:24:28.257000,,,38,,,,,,,,,,,,,,,,,,,,,,,,,,,
2021,30,0,2021-04-20 00:00:00,10,0,cli,ALBERTO LORIGA VERDU,C/ TRAVESIA Nº 45 1º D,BARCELONA,BARCELONA,08000,23423424-V,0.0000,,0.0000,8319.0000,0.0000,4300000000,29,2021,,0.0000,50.0000,0.0000,,2021-04-20 00:00:00,50.0000,1,2021-06-21 00:00:00,Tarjeta,,,,,,,,7050000000,0.0000,0.0000,0.0000,8319.0000,0.0000,0.0000,0.0000,50.0000,,,,,4770000007,,0.0000,50.0000,0.0000,0.0000,0.0000,50.0000,50.0000,50.0000,0.0000,0.0000,0.0000,,S,,,,,,,,,,,,,,,,,,,,,,0.0000,,,1,,0.0000,0.0000,,,,,,,,,,,,,,,,,,,,,,,,,,,,50.0,0.0000,,,,,2021-06-21 17:24:31.443000,,,39,,,,,,,,,,,,,,,,,,,,,,,,,,,
2021,31,0,2021-05-10 00:00:00,3,0,cli,MARIA CANOSA FANDIÑO,C/ GARCIA BARBON,VIGO,PONTEVEDRA,36000,86746563-Q,0.0000,,0.0000,8319.0000,0.0000,4300000000,30,2021,,0.0000,50.0000,0.0000,,2021-05-10 00:00:00,,,,Contado,,,,,,,,7050000000,0.0000,0.0000,0.0000,8319.0000,0.0000,0.0000,0.0000,50.0000,,,,,4770000007,,0.0000,50.0000,0.0000,0.0000,0.0000,50.0000,50.0000,50.0000,0.0000,0.0000,0.0000,,S,,,,,,,,,,,,,,,,,,,,,,0.0000,,,1,,0.0000,0.0000,,,,,,,,,,,,,,,,,,,,,,,,,,,,0.0,0.0000,12897956,,,,2021-06-21 17:24:52.100000,,,40,,,,,,,,,,,,,,,,,,,,,,,,,,,
2021,32,0,2021-05-10 00:00:00,5,0,cli,LUCIA MARTINEZ DIOS,C/ ROSALIA DE CASTRO Nº 56 2º A,SANTIAGO DE COMPOSTELA,A CORUÑA,15000,75657485-C,0.0000,,0.0000,0.0000,0.0000,4300000000,31,2021,,0.0000,0.0000,0.0000,,2021-05-10 00:00:00,0.0000,1,2021-06-21 00:00:00,Tarjeta,,,,,,,,7050000000,0.0000,0.0000,0.0000,0.0000,0.0000,0.0000,0.0000,0.0000,,,,,4770000007,,0.0000,0.0000,0.0000,0.0000,0.0000,0.0000,0.0000,0.0000,0.0000,0.0000,0.0000,,S,,,,,,,,,,,,,,,,,,,,,,0.0000,,,1,,0.0000,0.0000,,,,,,,,,,,,,,,,,,,,,,,,,,,,0.0,0.0000,,,,,2021-06-21 17:24:55.647000,,,41,,,,,,,,,,,,,,,,,,,,,,,,,,,
2021,33,0,2021-05-10 00:00:00,6,0,cli,ELOY RAMIREZ GONZALEZ,C/ CALVARIO Nº 23,VIGO,PONTEVEDRA,36000,53453456-F,0.0000,,0.0000,0.0000,0.0000,4300000000,33,2021,,0.0000,0.0000,0.0000,,2021-05-10 00:00:00,0.0000,1,2021-06-21 00:00:00,Contado,,,,,,,,7050000000,0.0000,0.0000,0.0000,0.0000,0.0000,0.0000,0.0000,0.0000,,,,,4770000007,,0.0000,0.0000,0.0000,0.0000,0.0000,0.0000,0.0000,0.0000,0.0000,0.0000,0.0000,,S,,,,,,,,,,,,,,,,,,,,,,0.0000,,,1,,0.0000,0.0000,,,,,,,,,,,,,,,,,,,,,,,,,,,,0.0,0.0000,,,,,2021-06-21 17:25:01.833000,,,42,,,,,,,,,,,,,,,,,,,,,,,,,,,
2021,34,0,2021-05-10 00:00:00,7,0,cli,EMPRESA FERNANDEZ S.L.,C/ BERTAMIRANS Nº 36 BAJO,SANTIAGO DE COMPOSTELA,A CORUÑA,15005,87458985-J,0.0000,,0.0000,14975.0000,0.0000,4300000000,35,2021,,0.0000,90.0000,0.0000,,2021-05-10 00:00:00,,,,Transferencia,,,,,,,,7050000000,0.0000,0.0000,0.0000,14975.0000,0.0000,0.0000,0.0000,90.0000,,,,,4770000007,,0.0000,90.0000,0.0000,0.0000,0.0000,90.0000,90.0000,90.0000,0.0000,0.0000,0.0000,,S,,,,,,,,,,,,,,,,,,,,,,0.0000,,,1,,0.0000,0.0000,,,,,,,,,,,,,,,,,,,,,,,,,,,,0.0,0.0000,,,,,2021-06-21 17:25:08.817000,,,43,,,,,,,,,,,,,,,,,,,,,,,,,,,
2021,35,0,2021-05-10 00:00:00,8,0,cli,TRANSPORTES ALTDIR,POLIGONO DE LA FUENTE SECTOR C Nº 23,MADRID,MADRID,28000,32165498-K,0.0000,,0.0000,41596.0000,0.0000,4300000000,36,2021,,0.0000,250.0000,0.0000,,2021-05-10 00:00:00,,,,Recibo,,,,,,,,7050000000,0.0000,0.0000,0.0000,41596.0000,0.0000,0.0000,0.0000,250.0000,,,,,4770000007,,0.0000,250.0000,0.0000,0.0000,0.0000,250.0000,250.0000,250.0000,0.0000,0.0000,0.0000,,S,,,,,,,,,,,,,,,,,,,,,,0.0000,,,1,,0.0000,0.0000,,,,,,,,,,,,,,,,,,,,,,,,,,,,0.0,0.0000,,,,,2021-06-21 17:25:11.630000,,,44,,,,,,,,,,,,,,,,,,,,,,,,,,,
2021,36,0,2021-07-20 00:00:00,3,0,cli,MARIA CANOSA FANDIÑO,C/ GARCIA BARBON,VIGO,PONTEVEDRA,36000,86746563-Q,0.0000,,0.0000,8319.0000,0.0000,4300000000,37,2021,,0.0000,50.0000,0.0000,,2021-07-20 00:00:00,,,,Contado,,,,,,,,7050000000,0.0000,0.0000,0.0000,8319.0000,0.0000,0.0000,0.0000,50.0000,,,,,4770000007,,0.0000,50.0000,0.0000,0.0000,0.0000,50.0000,50.0000,50.0000,0.0000,0.0000,0.0000,,S,,,,,,,,,,,,,,,,,,,,,,0.0000,,,1,,0.0000,0.0000,,,,,,,,,,,,,,,,,,,,,,,,,,,,0.0,0.0000,,,,,2021-06-21 17:26:37.633000,,,45,,,,,,,,,,,,,,,,,,,,,,,,,,,
2021,37,0,2021-07-20 00:00:00,7,0,cli,EMPRESA FERNANDEZ S.L.,C/ BERTAMIRANS Nº 36 BAJO,SANTIAGO DE COMPOSTELA,A CORUÑA,15005,87458985-J,0.0000,,0.0000,14975.0000,0.0000,4300000000,38,2021,,0.0000,90.0000,0.0000,,2021-07-20 00:00:00,,,,Transferencia,,,,,,,,7050000000,0.0000,0.0000,0.0000,14975.0000,0.0000,0.0000,0.0000,90.0000,,,,,4770000007,,0.0000,90.0000,0.0000,0.0000,0.0000,90.0000,90.0000,90.0000,0.0000,0.0000,0.0000,,S,,,,,,,,,,,,,,,,,,,,,,0.0000,,,1,,0.0000,0.0000,,,,,,,,,,,,,,,,,,,,,,,,,,,,0.0,0.0000,,,,,2021-06-21 17:26:42.557000,,,46,,,,,,,,,,,,,,,,,,,,,,,,,,,
2021,38,0,2021-07-20 00:00:00,8,0,cli,TRANSPORTES ALTDIR,POLIGONO DE LA FUENTE SECTOR C Nº 23,MADRID,MADRID,28000,32165498-K,0.0000,,0.0000,41596.0000,0.0000,4300000000,39,2021,,0.0000,250.0000,0.0000,,2021-07-20 00:00:00,,,,Recibo,,,,,,,,7050000000,0.0000,0.0000,0.0000,41596.0000,0.0000,0.0000,0.0000,250.0000,,,,,4770000007,,0.0000,250.0000,0.0000,0.0000,0.0000,250.0000,250.0000,250.0000,0.0000,0.0000,0.0000,,S,,,,,,,,,,,,,,,,,,,,,,0.0000,,,1,,0.0000,0.0000,,,,,,,,,,,,,,,,,,,,,,,,,,,,0.0,0.0000,,,,,2021-06-21 17:26:49.150000,,,47,,,,,,,,,,,,,,,,,,,,,,,,,,,
2021,39,0,2021-07-20 00:00:00,13,0,cli,CRISTINA RAMOS QUIROS,C/ SARDIÑEIRA Nº 23,ARTEIXO,A CORUÑA,15000,55555555-K,0.0000,,0.0000,35334.0000,0.0000,4300000000,40,2021,,0.0000,212.3600,0.0000,,2021-07-20 00:00:00,,,,Tarjeta,,,,,,,,7050000000,0.0000,0.0000,0.0000,35334.0000,0.0000,0.0000,0.0000,212.3600,,,,,4770000007,,0.0000,175.5000,0.0000,0.0000,0.0000,175.5000,212.3600,175.5000,0.0000,0.0000,0.0000,,S,,,,,,,,,,,,,,,,,,,,,,0.0000,,,1,,0.0000,0.0000,,,,,,,,,,,,,,,,,,,,,,,,,,,,0.0,0.0000,,,,,2021-06-21 17:26:56.057000,,,48,,,,,,,,,,,,,,,,,,,,,,,,,,,
2021,40,0,2021-08-05 00:00:00,3,0,cli,MARIA CANOSA FANDIÑO,C/ GARCIA BARBON,VIGO,PONTEVEDRA,36000,86746563-Q,0.0000,,0.0000,8319.0000,0.0000,4300000000,41,2021,,0.0000,50.0000,0.0000,,2021-08-05 00:00:00,,,,Contado,,,,,,,,7050000000,0.0000,0.0000,0.0000,8319.0000,0.0000,0.0000,0.0000,50.0000,,,,,4770000007,,0.0000,50.0000,0.0000,0.0000,0.0000,50.0000,50.0000,50.0000,0.0000,0.0000,0.0000,,S,,,,,,,,,,,,,,,,,,,,,,0.0000,,,1,,0.0000,0.0000,,,,,,,,,,,,,,,,,,,,,,,,,,,,0.0,0.0000,,,,,2021-06-21 17:27:38.963000,,,49,,,,,,,,,,,,,,,,,,,,,,,,,,,
2021,41,0,2021-08-05 00:00:00,7,0,cli,EMPRESA FERNANDEZ S.L.,C/ BERTAMIRANS Nº 36 BAJO,SANTIAGO DE COMPOSTELA,A CORUÑA,15005,87458985-J,0.0000,,0.0000,14975.0000,0.0000,4300000000,42,2021,,0.0000,90.0000,0.0000,,2021-08-05 00:00:00,,,,Transferencia,,,,,,,,7050000000,0.0000,0.0000,0.0000,14975.0000,0.0000,0.0000,0.0000,90.0000,,,,,4770000007,,0.0000,90.0000,0.0000,0.0000,0.0000,90.0000,90.0000,90.0000,0.0000,0.0000,0.0000,,S,,,,,,,,,,,,,,,,,,,,,,0.0000,,,1,,0.0000,0.0000,,,,,,,,,,,,,,,,,,,,,,,,,,,,0.0,0.0000,,,,,2021-06-21 17:27:42.027000,,,50,,,,,,,,,,,,,,,,,,,,,,,,,,,
2021,42,0,2021-08-05 00:00:00,8,0,cli,TRANSPORTES ALTDIR,POLIGONO DE LA FUENTE SECTOR C Nº 23,MADRID,MADRID,28000,32165498-K,0.0000,,0.0000,41596.0000,0.0000,4300000000,43,2021,,0.0000,250.0000,0.0000,,2021-08-05 00:00:00,,,,Recibo,,,,,,,,7050000000,0.0000,0.0000,0.0000,41596.0000,0.0000,0.0000,0.0000,250.0000,,,,,4770000007,,0.0000,250.0000,0.0000,0.0000,0.0000,250.0000,250.0000,250.0000,0.0000,0.0000,0.0000,,S,,,,,,,,,,,,,,,,,,,,,,0.0000,,,1,,0.0000,0.0000,,,,,,,,,,,,,,,,,,,,,,,,,,,,0.0,0.0000,,,,,2021-06-21 17:27:44.777000,,,51,,,,,,,,,,,,,,,,,,,,,,,,,,,
2021,43,0,2021-09-18 00:00:00,3,0,cli,MARIA CANOSA FANDIÑO,C/ GARCIA BARBON,VIGO,PONTEVEDRA,36000,86746563-Q,0.0000,,0.0000,8319.0000,0.0000,4300000000,44,2021,,0.0000,50.0000,0.0000,,2021-09-18 00:00:00,50.0000,1,2021-06-21 00:00:00,Contado,,,,,,,,7050000000,0.0000,0.0000,0.0000,8319.0000,0.0000,0.0000,0.0000,50.0000,,,,,4770000007,,0.0000,50.0000,0.0000,0.0000,0.0000,50.0000,50.0000,50.0000,0.0000,0.0000,0.0000,,S,,,,,,,,,,,,,,,,,,,,,,0.0000,,,1,,0.0000,0.0000,,,,,,,,,,,,,,,,,,,,,,,,,,,,50.0,0.0000,,,,,2021-06-21 17:28:14.683000,,,52,,,,,,,,,,,,,,,,,,,,,,,,,,,
2021,44,0,2021-09-18 00:00:00,7,0,cli,EMPRESA FERNANDEZ S.L.,C/ BERTAMIRANS Nº 36 BAJO,SANTIAGO DE COMPOSTELA,A CORUÑA,15005,87458985-J,0.0000,,0.0000,14975.0000,0.0000,4300000000,45,2021,,0.0000,90.0000,0.0000,,2021-09-18 00:00:00,,,,Transferencia,,,,,,,,7050000000,0.0000,0.0000,0.0000,14975.0000,0.0000,0.0000,0.0000,90.0000,,,,,4770000007,,0.0000,90.0000,0.0000,0.0000,0.0000,90.0000,90.0000,90.0000,0.0000,0.0000,0.0000,,S,,,,,,,,,,,,,,,,,,,,,,0.0000,,,1,,0.0000,0.0000,,,,,,,,,,,,,,,,,,,,,,,,,,,,0.0,0.0000,,,,,2021-06-21 17:28:18.370000,,,53,,,,,,,,,,,,,,,,,,,,,,,,,,,
2021,45,0,2021-09-18 00:00:00,8,0,cli,TRANSPORTES ALTDIR,POLIGONO DE LA FUENTE SECTOR C Nº 23,MADRID,MADRID,28000,32165498-K,0.0000,,0.0000,41596.0000,0.0000,4300000000,46,2021,,0.0000,250.0000,0.0000,,2021-09-18 00:00:00,,,,Recibo,,,,,,,,7050000000,0.0000,0.0000,0.0000,41596.0000,0.0000,0.0000,0.0000,250.0000,,,,,4770000007,,0.0000,250.0000,0.0000,0.0000,0.0000,250.0000,250.0000,250.0000,0.0000,0.0000,0.0000,,S,,,,,,,,,,,,,,,,,,,,,,0.0000,,,1,,0.0000,0.0000,,,,,,,,,,,,,,,,,,,,,,,,,,,,0.0,0.0000,,,,,2021-06-21 17:28:21.060000,,,54,,,,,,,,,,,,,,,,,,,,,,,,,,,
2021,46,0,2021-09-18 00:00:00,12,0,cli,"SMITH BRIDGES, PAUL ANDREW","5, STREET CLOSE",OFF WATER LANE,YORK,Y032,,0.0000,,0.0000,16639.0000,0.0000,4300000000,47,2021,"Memo1
",0.0000,100.0000,0.0000,,2021-09-18 00:00:00,,,,Contado,,,,,,,,7050000000,0.0000,0.0000,0.0000,16639.0000,0.0000,0.0000,0.0000,100.0000,,,,,4770000007,,0.0000,100.0000,0.0000,0.0000,0.0000,100.0000,100.0000,100.0000,0.0000,0.0000,0.0000,,S,,,,,,,,,,,,,,,,,,,,,,0.0000,,,1,,0.0000,0.0000,,,,,,,,,,,,,,,,,,,,,,,,,,,,0.0,0.0000,,,,,2021-06-21 17:28:24.340000,,,55,,,,,,,,,,,,,,,,,,,,,,,,,,,
2021,47,0,2021-10-01 00:00:00,13,0,cli,CRISTINA RAMOS QUIROS,C/ SARDIÑEIRA Nº 23,ARTEIXO,A CORUÑA,15000,55555555-K,0.0000,,0.0000,5824.0000,0.0000,4300000000,48,2021,"Memo1
",0.0000,35.0000,0.0000,,2021-10-01 00:00:00,,,,Tarjeta,,,,,,,,7050000000,0.0000,0.0000,0.0000,5824.0000,0.0000,0.0000,0.0000,35.0000,,,,,4770000007,,0.0000,35.0000,0.0000,0.0000,0.0000,35.0000,35.0000,35.0000,0.0000,0.0000,0.0000,,S,,,,,,,,,,,,,,,,,,,,,,0.0000,,,1,,0.0000,0.0000,,,,,,,,,,,,,,,,,,,,,,,,,,,,0.0,0.0000,,,,,2021-06-21 17:29:14.577000,,,56,,,,,,,,,,,,,,,,,,,,,,,,,,,
2021,48,0,2021-11-15 00:00:00,1,0,cli,ALEJANDRO GARCIA GARCIA,C/ CONTE Nº 23,BARCELONA,BARCELONA,08036,12345678-Z,0.0000,,0.0000,16639.0000,0.0000,4300000000,49,2021,,0.0000,100.0000,0.0000,,2021-11-15 00:00:00,50.0000,0,2021-06-21 00:00:00,Tarjeta,,,,,,,,7050000000,0.0000,0.0000,0.0000,16638.0000,0.0000,0.0000,0.0000,100.0000,,,,,4770000007,,0.0000,100.0000,0.0000,0.0000,0.0000,100.0000,100.0000,100.0000,0.0000,0.0000,0.0000,,S,,,,,,,,,,,,,,,,,,,,,,0.0000,,,1,,0.0000,0.0000,,,,,,,,,,,,,,,,,,,,,,,,,,,,50.0,0.0000,,,,,2021-06-21 17:32:30.033000,,,57,,,,,,,,,,,,,,,,,,,,,,,,,,,
2021,49,0,2021-11-15 00:00:00,4,0,cli,JUAN PEREZ DACOSTA,C/ PARADOR Nº 23,PONTEVEDRA,PONTEVEDRA,36000,75678798-N,0.0000,,0.0000,4160.0000,0.0000,4300000000,50,2021,,0.0000,25.0000,0.0000,,2021-11-15 00:00:00,,,,Transferencia,,,,,,,,7050000000,0.0000,0.0000,0.0000,4160.0000,0.0000,0.0000,0.0000,25.0000,,,,,4770000007,,0.0000,25.0000,0.0000,0.0000,0.0000,25.0000,25.0000,25.0000,0.0000,0.0000,0.0000,,S,,,,,,,,,,,,,,,,,,,,,,0.0000,,,1,,0.0000,0.0000,,,,,,,,,,,,,,,,,,,,,,,,,,,,0.0,0.0000,,,,,2021-06-21 17:32:36.020000,,,58,,,,,,,,,,,,,,,,,,,,,,,,,,,
2021,50,0,2021-11-15 00:00:00,6,0,cli,ELOY RAMIREZ GONZALEZ,C/ CALVARIO Nº 23,VIGO,PONTEVEDRA,36000,53453456-F,0.0000,,0.0000,0.0000,0.0000,4300000000,51,2021,,0.0000,0.0000,0.0000,,2021-11-15 00:00:00,,,,Transferencia,,,,,,,,7050000000,0.0000,0.0000,0.0000,0.0000,0.0000,0.0000,0.0000,0.0000,,,,,4770000007,,0.0000,0.0000,0.0000,0.0000,0.0000,0.0000,0.0000,0.0000,0.0000,0.0000,0.0000,,S,,,,,,,,,,,,,,,,,,,,,,0.0000,,,1,,0.0000,0.0000,,,,,,,,,,,,,,,,,,,,,,,,,,,,0.0,0.0000,,,,,2021-06-21 17:32:43.597000,,,59,,,,,,,,,,,,,,,,,,,,,,,,,,,
2021,51,0,2021-12-10 00:00:00,6,0,cli,ELOY RAMIREZ GONZALEZ,C/ CALVARIO Nº 23,VIGO,PONTEVEDRA,36000,53453456-F,0.0000,,0.0000,4992.0000,0.0000,4300000000,52,2021,,0.0000,30.0000,0.0000,,2021-12-10 00:00:00,30.0000,1,2021-06-21 00:00:00,Contado,,,,,,,,7050000000,0.0000,0.0000,0.0000,4992.0000,0.0000,0.0000,0.0000,30.0000,,,,,4770000007,,0.0000,30.0000,0.0000,0.0000,0.0000,30.0000,30.0000,30.0000,0.0000,0.0000,0.0000,,S,,,,,,,,,,,,,,,,,,,,,,0.0000,,,1,,0.0000,0.0000,,,,,,,,,,,,,,,,,,,,,,,,,,,,30.0,0.0000,,,,,2021-06-21 17:33:14.630000,,,60,,,,,,,,,,,,,,,,,,,,,,,,,,,
2021,52,0,2021-12-10 00:00:00,7,0,cli,EMPRESA FERNANDEZ S.L.,C/ BERTAMIRANS Nº 36 BAJO,SANTIAGO DE COMPOSTELA,A CORUÑA,15005,87458985-J,0.0000,,0.0000,0.0000,0.0000,4300000000,53,2021,,0.0000,0.0000,0.0000,,2021-12-10 00:00:00,,,,Recibo,,,,,,,,7050000000,0.0000,0.0000,0.0000,0.0000,0.0000,0.0000,0.0000,0.0000,,,,,4770000007,,0.0000,0.0000,0.0000,0.0000,0.0000,0.0000,0.0000,0.0000,0.0000,0.0000,0.0000,,S,,,,,,,,,,,,,,,,,,,,,,0.0000,,,1,,0.0000,0.0000,,,,,,,,,,,,,,,,,,,,,,,,,,,,0.0,0.0000,,,,,2021-06-21 17:33:18.223000,,,61,,,,,,,,,,,,,,,,,,,,,,,,,,,
2021,53,0,2021-12-10 00:00:00,13,0,cli,CRISTINA RAMOS QUIROS,C/ SARDIÑEIRA Nº 23,ARTEIXO,A CORUÑA,15000,55555555-K,0.0000,,0.0000,5824.0000,0.0000,4300000000,54,2021,"Memo1
",0.0000,35.0000,0.0000,,2021-12-10 00:00:00,,,,Tarjeta,,,,,,,,7050000000,0.0000,0.0000,0.0000,5824.0000,0.0000,0.0000,0.0000,35.0000,,,,,4770000007,,0.0000,35.0000,0.0000,0.0000,0.0000,35.0000,35.0000,35.0000,0.0000,0.0000,0.0000,,S,,,,,,,,,,,,,,,,,,,,,,0.0000,,,1,,0.0000,0.0000,,,,,,,,,,,,,,,,,,,,,,,,,,,,0.0,0.0000,,,,,2021-06-21 17:33:21.880000,,,62,,,,,,,,,,,,,,,,,,,,,,,,,,,
2021,54,0,2021-12-10 00:00:00,49,0,cli,MUTUA GALLEGA,C/ Romero Fernández 27 ,A Coruña,A Coruña,15000,,0.0000,,0.0000,21630.0000,0.0000,4300000000,55,2021,,0.0000,130.0000,0.0000,,2021-12-10 00:00:00,,,,Transferencia,,,,,,,,7050000000,0.0000,0.0000,0.0000,21630.0000,0.0000,0.0000,0.0000,130.0000,,,,,4770000007,,0.0000,130.0000,0.0000,0.0000,0.0000,130.0000,130.0000,130.0000,0.0000,0.0000,0.0000,,S,,,,,,,,,,,,,,,,,,,,,,0.0000,,,1,,0.0000,0.0000,,,,,,,,,,,,,,,,,,,,,,,,,,,,0.0,0.0000,,,,,2021-06-21 17:33:24.957000,,,63,,,,,,,,,,,,,,,,,,,,,,,,,,,
2022,55,0,2022-01-28 00:00:00,41,0,cli,ADESLAS,,,,,4646465,0.0000,15.0000,0.0000,41596.0000,0.0000,4300000000,3,2022,,0.0000,250.0000,0.0000,0.0000,2022-01-28 00:00:00,,,,Transferencia,1,2022-01-28 00:00:00,2022-02-28 00:00:00,Cobro a aseguradora,,,,7050000000,0.0000,0.0000,0.0000,41596.0000,0.0000,0.0000,0.0000,250.0000,,,,,4770000007,4730000015,0.0000,0.0000,0.0000,3750.0000,0.0000,-3750.0000,250.0000,0.0000,0.0000,0.0000,0.0000,,S,,,,,,,,,,,,,,,1,,,,,,,0.0000,,,,,0.0000,0.0000,,,,,,,0,,,,,,,,,,,,,,,,,,,,,0.0,0.0000,16777215,1,,,2022-01-28 12:02:14.210000,,,72,Cobro a aseguradora,2022-01-28 12:03:05.690000,,1,,,,,,,,,,,,,,,1,,,,,,,,
