idAdjun,idAdjunOrigen,idTablaOrigen,fechaHora,seleccionado,color,enlace,publicarweb,creadoporcodsubusu,creadoporicodcli,guid,estadoFirma,fechaFirma,tipoRuta,created_on,pdteFirmarWeb,fechaModoCliente,tipoAdjun,version,guidVersion,tipoFirmaMN,destinatario,remitente,fechaCaducidad,estadoDoc,carpetaAccesoCliente,orden,idplantillaorig,marcadoPendienteFirmaWeb,numeroEnvios
2,47,5,2021-05-07 00:00:00,False,,,False,,,,,,1,2021-05-07 10:59:50.680000,,,,,,0,,,,,,,,,1
4,49,5,2021-05-07 00:00:00,False,,,False,,,,,,1,2021-05-07 11:04:44.990000,,,,,,0,,,,,,,,,1
7,52,5,2021-05-07 00:00:00,False,16777215,,False,,,,,,1,2021-05-07 11:13:12.617000,,,,,,0,,,,,,,,,1
8,53,5,2021-05-07 00:00:00,False,16777215,,False,,,,,,1,2021-05-07 11:14:29.190000,,,,,,0,,,,,,,,,1
9,54,5,2021-05-07 00:00:00,False,16777215,,False,,,,,,1,2021-05-07 11:15:11.193000,,,,,,0,,,,,,,,,1
11,56,5,2021-05-07 00:00:00,False,16777215,,False,,,,,,1,2021-05-07 11:17:10.433000,,,,,,0,,,,,,,,,1
14,59,5,2021-05-07 00:00:00,False,16777215,,False,,,,,,1,2021-05-07 11:22:05.537000,,,,,,0,,,,,,,,,1
16,9,7,2021-05-07 00:00:00,False,16777215,,False,,,,,,1,2021-05-07 11:29:57.623000,,,,,,0,,,,,,,,,1
17,49,6,2021-05-07 00:00:00,False,,,False,,,,,,1,2021-05-07 11:30:22.797000,,,,,,0,,,,,,,,,1
18,50,6,2021-05-07 00:00:00,False,,,False,,,,,,1,2021-05-07 11:30:43.907000,,,,,,0,,,,,,,,,1
19,10,7,2021-05-07 00:00:00,False,16777215,,False,,,,,,1,2021-05-07 11:30:53.790000,,,,,,0,,,,,,,,,1
20,51,6,2021-05-07 00:00:00,False,,,False,,,,,,1,2021-05-07 11:31:24.520000,,,,,,0,,,,,,,,,1
21,52,6,2021-05-07 00:00:00,False,16777215,,False,,,,,,1,2021-05-07 11:31:41.743000,,,,,,0,,,,,,,,,1
22,60,5,2021-05-07 00:00:00,False,,,False,,,,,,1,2021-05-07 11:32:30.253000,,,,,,0,,,,,,,,,1
23,61,5,2021-05-07 00:00:00,False,,,False,,,,,,1,2021-05-07 11:37:44.510000,,,,,,0,,,,,,,,,1
24,62,5,2021-05-07 00:00:00,False,,,False,,,,,,1,2021-05-07 11:39:11.137000,,,,,,0,,,,,,,,,1
25,63,5,2021-05-07 00:00:00,False,,,False,,,,,,1,2021-05-07 11:41:57.603000,,,,,,0,,,,,,,,,1
26,64,5,2021-05-07 00:00:00,False,,,False,,,,,,1,2021-05-07 11:44:10.470000,,,,,,0,,,,,,,,,1
27,65,5,2021-05-07 00:00:00,False,,,False,,,,,,1,2021-05-07 11:44:24.623000,,,,,,0,,,,,,,,,1
28,66,5,2021-05-07 00:00:00,False,,,False,,,,,,1,2021-05-07 11:55:40.567000,,,,,,0,,,,,,,,,1
29,67,5,2021-05-10 00:00:00,False,16777215,,False,,,,,,1,2021-05-10 10:15:09.957000,,,,,,0,,,,,,,,,1
37,75,5,2021-05-10 00:00:00,False,16777215,,False,,,,,,1,2021-05-10 11:39:15.170000,,,,,,0,,,,,,,,,1
38,76,5,2021-05-11 00:00:00,False,16777215,,False,,,,,,1,2021-05-11 12:26:24.180000,,,,,,0,,,,,,,,,1
39,53,6,2021-05-18 00:00:00,False,,,False,,,,,,1,2021-05-18 18:06:48.547000,,,,,,0,,,,,,,,,1
40,54,6,2021-05-18 00:00:00,False,,,False,,,,,,1,2021-05-18 18:06:56.390000,,,,,,0,,,,,,,,,1
42,12,7,2021-05-28 00:00:00,False,16777215,,False,,,,,,1,2021-05-28 09:52:21.230000,,,,,,0,,,,,,,,,1
44,14,7,2021-05-28 00:00:00,False,16777215,,False,,,,,,1,2021-05-28 09:54:05.420000,,,,,,0,,,,,,,,,1
45,1,9,2021-05-28 00:00:00,False,,,False,,,,,,1,2021-05-28 10:02:57.147000,,,,,,0,,,,,,,,,1
46,2,9,2021-05-28 00:00:00,False,,,False,,,,,,1,2021-05-28 10:09:08.530000,,,,,,0,,,,,,,,,1
47,3,9,2021-05-28 00:00:00,False,,,False,,,,,,1,2021-05-28 10:10:00.417000,,,,,,0,,,,,,,,,1
48,4,9,2021-05-28 00:00:00,False,,,False,,,,,,1,2021-05-28 10:10:16.260000,,,,,,0,,,,,,,,,1
49,77,5,2021-05-28 00:00:00,False,,,False,,,,,,1,2021-05-28 10:12:59.383000,,,,,,0,,,,,,,,,1
50,78,5,2021-05-28 00:00:00,False,,,False,,,,,,1,2021-05-28 10:13:20.150000,,,,,,0,,,,,,,,,1
51,79,5,2021-05-28 00:00:00,False,,,False,,,,,,1,2021-05-28 10:16:24.607000,,,,,,0,,,,,,,,,1
52,80,5,2021-05-28 00:00:00,False,,,False,,,,,,1,2021-05-28 10:16:44.470000,,,,,,0,,,,,,,,,1
53,81,5,2021-05-28 00:00:00,False,,,False,,,,,,1,2021-05-28 10:17:16.053000,,,,,,0,,,,,,,,,1
54,82,5,2021-05-28 00:00:00,False,,,False,,,,,,1,2021-05-28 10:26:58.453000,,,,,,0,,,,,,,,,1
55,83,5,2021-05-28 00:00:00,False,,,False,,,,,,1,2021-05-28 10:41:40.497000,,,,,,0,,,,,,,,,1
56,84,5,2021-05-28 00:00:00,False,,,False,,,,,,1,2021-05-28 10:42:01.753000,,,,,,0,,,,,,,,,1
57,85,5,2021-05-28 00:00:00,False,,,False,,,,,,1,2021-05-28 10:42:16.670000,,,,,,0,,,,,,,,,1
61,89,5,2021-05-28 00:00:00,False,16777215,,False,,,,,,1,2021-05-28 10:51:01.650000,,,,,,0,,,,,,,,,1
62,90,5,2021-05-28 00:00:00,False,,,False,,,,,,1,2021-05-28 11:23:59.073000,,,,,,0,,,,,,,,,1
63,5,9,2021-05-28 00:00:00,False,,,False,,,,,,1,2021-05-28 11:42:35.320000,,,,,,0,,,,,,,,,1
64,91,5,2021-05-28 00:00:00,False,,,False,,,,,,1,2021-05-28 11:43:39.930000,,,,,,0,,,,,,,,,1
65,6,9,2021-05-28 00:00:00,False,,,False,,,,,,1,2021-05-28 11:52:13.707000,,,,,,0,,,,,,,,,1
66,7,9,2021-05-28 00:00:00,False,,,False,,,,,,1,2021-05-28 11:54:27.813000,,,,,,0,,,,,,,,,1
67,92,5,2021-05-28 00:00:00,False,,,False,,,,,,1,2021-05-28 11:55:29.540000,,,,,,0,,,,,,,,,1
68,8,9,2021-05-28 00:00:00,False,,,False,,,,,,1,2021-05-28 12:45:34.643000,,,,,,0,,,,,,,,,1
69,93,5,2021-05-28 00:00:00,False,,,False,,,,,,1,2021-05-28 12:55:10.947000,,,,,,0,,,,,,,,,1
70,94,5,2021-05-28 00:00:00,False,,,False,,,,,,1,2021-05-28 12:55:29.700000,,,,,,0,,,,,,,,,1
71,9,9,2021-05-28 00:00:00,False,,,False,,,,,,1,2021-05-28 12:56:52.120000,,,,,,0,,,,,,,,,1
72,10,9,2021-05-28 00:00:00,False,,,False,,,,,,1,2021-05-28 12:57:12.890000,,,,,,0,,,,,,,,,1
73,11,9,2021-05-28 00:00:00,False,,,False,,,,,,1,2021-05-28 13:00:01.380000,,,,,,0,,,,,,,,,1
74,95,5,2021-05-28 00:00:00,False,,,False,,,,,,1,2021-05-28 13:03:18.477000,,,,,,0,,,,,,,,,1
75,96,5,2021-05-28 00:00:00,False,16777215,,False,,,,,,1,2021-05-28 13:06:03.067000,,,,,,0,,,,,,,,,1
76,97,5,2021-05-28 00:00:00,False,16777215,,False,,,,,,1,2021-05-28 13:06:33.330000,,,,,,0,,,,,,,,,1
77,98,5,2021-05-28 00:00:00,False,16777215,,False,,,,,,1,2021-05-28 13:07:26.680000,,,,,,0,,,,,,,,,1
78,99,5,2021-05-28 00:00:00,False,16777215,,False,,,,,,1,2021-05-28 13:10:58.873000,,,,,,0,,,,,,,,,1
79,12,9,2021-05-28 00:00:00,False,,,False,,,,,,1,2021-05-28 13:14:11.383000,,,,,,0,,,,,,,,,1
80,13,9,2021-05-28 00:00:00,False,,,False,,,,,,1,2021-05-28 13:14:42.047000,,,,,,0,,,,,,,,,1
81,14,9,2021-05-31 00:00:00,False,,,False,,,,,,1,2021-05-31 09:08:50.023000,,,,,,0,,,,,,,,,1
82,15,9,2021-05-31 00:00:00,False,,,False,,,,,,1,2021-05-31 09:15:36.257000,,,,,,0,,,,,,,,,1
83,16,9,2021-05-31 00:00:00,False,,,False,,,,,,1,2021-05-31 09:23:54.070000,,,,,,0,,,,,,,,,1
84,17,9,2021-05-31 00:00:00,False,,,False,,,,,,1,2021-05-31 09:35:29.813000,,,,,,0,,,,,,,,,1
85,100,5,2021-05-31 00:00:00,False,,,False,,,,,,1,2021-05-31 09:37:39.140000,,,,,,0,,,,,,,,,1
86,101,5,2021-05-31 00:00:00,False,,,False,,,,,,1,2021-05-31 09:38:40.100000,,,,,,0,,,,,,,,,1
87,102,5,2021-05-31 00:00:00,False,,,False,,,,,,1,2021-05-31 09:40:59.583000,,,,,,0,,,,,,,,,1
88,103,5,2021-05-31 00:00:00,False,,,False,,,,,,1,2021-05-31 09:41:15.317000,,,,,,0,,,,,,,,,1
89,104,5,2021-05-31 00:00:00,False,,,False,,,,,,1,2021-05-31 09:42:40.577000,,,,,,0,,,,,,,,,1
90,105,5,2021-05-31 00:00:00,False,,,False,,,,,,1,2021-05-31 09:42:50.363000,,,,,,0,,,,,,,,,1
91,106,5,2021-05-31 00:00:00,False,,,False,,,,,,1,2021-05-31 09:43:01.477000,,,,,,0,,,,,,,,,1
92,107,5,2021-05-31 00:00:00,False,,,False,,,,,,1,2021-05-31 09:44:12.247000,,,,,,0,,,,,,,,,1
93,18,9,2021-05-31 00:00:00,False,,,False,,,,,,1,2021-05-31 09:44:27.030000,,,,,,0,,,,,,,,,1
94,55,6,2021-06-07 00:00:00,False,,,False,,,,,,1,2021-06-07 16:23:53.963000,,,,,,0,,,,,,,,,1
95,108,5,2021-06-07 00:00:00,False,,,False,,,,,,1,2021-06-07 16:25:51.960000,,,,,,0,,,,,,,,,1
96,15,7,2021-06-07 00:00:00,False,,,False,,,,,,1,2021-06-07 16:28:57.967000,,,,,,0,,,,,,,,,1
97,109,5,2021-06-07 00:00:00,False,,,False,,,,,,1,2021-06-07 16:53:52.810000,,,,,,0,,,,,,,,,1
98,110,5,2021-06-08 00:00:00,False,,,False,,,,,,1,2021-06-08 18:14:05.063000,,,,,,0,,,,,,,,,1
99,111,5,2021-06-08 00:00:00,False,,,False,,,,,,1,2021-06-08 18:26:02.703000,,,,,,0,,,,,,,,,1
100,112,5,2021-06-10 00:00:00,False,,,False,,,,,,1,2021-06-10 18:49:50.133000,,,,,,0,,,,,,,,,1
101,113,5,2021-06-10 00:00:00,False,,,False,,,,,,1,2021-06-10 18:56:43.783000,,,,,,0,,,,,,,,,1
102,114,5,2021-06-10 00:00:00,False,,,False,,,,,,1,2021-06-10 18:57:09.050000,,,,,,0,,,,,,,,,1
103,115,5,2021-06-10 00:00:00,False,,,False,,,,,,1,2021-06-10 18:57:37.663000,,,,,,0,,,,,,,,,1
104,116,5,2021-06-15 00:00:00,False,,,False,,,,,,1,2021-06-15 18:51:59.963000,,,,,,0,,,,,,,,,1
105,117,5,2021-06-15 00:00:00,False,,,False,,,,,,1,2021-06-15 19:23:35.840000,,,,,,0,,,,,,,,,1
106,118,5,2021-06-15 00:00:00,False,,,False,,,,,,1,2021-06-15 19:30:34.183000,,,,,,0,,,,,,,,,1
107,119,5,2021-06-15 00:00:00,False,,,False,,,,,,1,2021-06-15 19:30:35.200000,,,,,,0,,,,,,,,,1
108,120,5,2021-06-15 00:00:00,False,,,False,,,,,,1,2021-06-15 19:30:36.147000,,,,,,0,,,,,,,,,1
109,121,5,2021-06-15 00:00:00,False,,,False,,,,,,1,2021-06-15 19:30:37.613000,,,,,,0,,,,,,,,,1
110,122,5,2021-06-15 00:00:00,False,,,False,,,,,,1,2021-06-15 19:30:38.783000,,,,,,0,,,,,,,,,1
111,123,5,2021-06-15 00:00:00,False,,,False,,,,,,1,2021-06-15 19:30:39.643000,,,,,,0,,,,,,,,,1
112,124,5,2021-06-15 00:00:00,False,,,False,,,,,,1,2021-06-15 19:32:32.867000,,,,,,0,,,,,,,,,1
113,125,5,2021-06-15 00:00:00,False,,,False,,,,,,1,2021-06-15 19:32:33.887000,,,,,,0,,,,,,,,,1
114,126,5,2021-06-15 00:00:00,False,,,False,,,,,,1,2021-06-15 19:32:34.847000,,,,,,0,,,,,,,,,1
115,127,5,2021-06-15 00:00:00,False,,,False,,,,,,1,2021-06-15 19:32:35.873000,,,,,,0,,,,,,,,,1
116,128,5,2021-06-15 00:00:00,False,,,False,,,,,,1,2021-06-15 19:32:36.877000,,,,,,0,,,,,,,,,1
117,129,5,2021-06-15 00:00:00,False,,,False,,,,,,1,2021-06-15 19:33:20.507000,,,,,,0,,,,,,,,,1
118,130,5,2021-06-15 00:00:00,False,,,False,,,,,,1,2021-06-15 19:33:21.867000,,,,,,0,,,,,,,,,1
119,131,5,2021-06-15 00:00:00,False,,,False,,,,,,1,2021-06-15 19:33:23.217000,,,,,,0,,,,,,,,,1
120,132,5,2021-06-16 00:00:00,False,,,False,,,,,,1,2021-06-16 13:06:55.340000,,,,,,0,,,,,,,,,1
121,133,5,2021-06-16 00:00:00,False,,,False,,,,,,1,2021-06-16 13:06:57.763000,,,,,,0,,,,,,,,,1
122,134,5,2021-06-16 00:00:00,False,,,False,,,,,,1,2021-06-16 13:07:00.360000,,,,,,0,,,,,,,,,1
123,135,5,2021-06-16 00:00:00,False,,,False,,,,,,1,2021-06-16 13:12:12.763000,,,,,,0,,,,,,,,,1
124,136,5,2021-06-16 00:00:00,False,,,False,,,,,,1,2021-06-16 13:12:14.757000,,,,,,0,,,,,,,,,1
125,137,5,2021-06-16 00:00:00,False,,,False,,,,,,1,2021-06-16 13:12:16.610000,,,,,,0,,,,,,,,,1
126,138,5,2021-06-16 00:00:00,False,,,False,,,,,,1,2021-06-16 13:12:18.763000,,,,,,0,,,,,,,,,1
127,139,5,2021-06-16 00:00:00,False,,,False,,,,,,1,2021-06-16 13:12:20.643000,,,,,,0,,,,,,,,,1
128,140,5,2021-06-16 00:00:00,False,,,False,,,,,,1,2021-06-16 13:12:22.587000,,,,,,0,,,,,,,,,1
129,141,5,2021-06-16 00:00:00,False,,,False,,,,,,1,2021-06-16 13:12:24.863000,,,,,,0,,,,,,,,,1
130,142,5,2021-06-16 00:00:00,False,,,False,,,,,,1,2021-06-16 13:12:26.487000,,,,,,0,,,,,,,,,1
131,143,5,2021-06-16 00:00:00,False,,,False,,,,,,1,2021-06-16 13:12:27.963000,,,,,,0,,,,,,,,,1
132,144,5,2021-06-16 00:00:00,False,,,False,,,,,,1,2021-06-16 13:12:30.600000,,,,,,0,,,,,,,,,1
133,145,5,2021-06-16 00:00:00,False,,,False,,,,,,1,2021-06-16 13:13:56.810000,,,,,,0,,,,,,,,,1
134,146,5,2021-06-16 00:00:00,False,,,False,,,,,,1,2021-06-16 13:13:57.873000,,,,,,0,,,,,,,,,1
135,147,5,2021-06-16 00:00:00,False,,,False,,,,,,1,2021-06-16 13:13:58.870000,,,,,,0,,,,,,,,,1
136,148,5,2021-06-16 00:00:00,False,,,False,,,,,,1,2021-06-16 13:16:08.847000,,,,,,0,,,,,,,,,1
137,149,5,2021-06-16 00:00:00,False,,,False,,,,,,1,2021-06-16 13:16:10.413000,,,,,,0,,,,,,,,,1
138,150,5,2021-06-16 00:00:00,False,,,False,,,,,,1,2021-06-16 13:16:11.967000,,,,,,0,,,,,,,,,1
139,151,5,2021-06-16 00:00:00,False,,,False,,,,,,1,2021-06-16 13:16:13.337000,,,,,,0,,,,,,,,,1
140,152,5,2021-06-16 00:00:00,False,,,False,,,,,,1,2021-06-16 13:16:14.870000,,,,,,0,,,,,,,,,1
141,153,5,2021-06-16 00:00:00,False,,,False,,,,,,1,2021-06-16 13:16:16.473000,,,,,,0,,,,,,,,,1
142,154,5,2021-06-16 00:00:00,False,,,False,,,,,,1,2021-06-16 13:16:17.917000,,,,,,0,,,,,,,,,1
143,155,5,2021-06-16 00:00:00,False,,,False,,,,,,1,2021-06-16 13:16:19.390000,,,,,,0,,,,,,,,,1
144,156,5,2021-06-16 00:00:00,False,,,False,,,,,,1,2021-06-16 13:16:20.840000,,,,,,0,,,,,,,,,1
145,157,5,2021-06-16 00:00:00,False,,,False,,,,,,1,2021-06-16 13:16:22.357000,,,,,,0,,,,,,,,,1
146,158,5,2021-06-16 00:00:00,False,,,False,,,,,,1,2021-06-16 13:17:03.010000,,,,,,0,,,,,,,,,1
147,159,5,2021-06-16 00:00:00,False,,,False,,,,,,1,2021-06-16 13:17:04.690000,,,,,,0,,,,,,,,,1
148,160,5,2021-06-16 00:00:00,False,,,False,,,,,,1,2021-06-16 13:17:06.417000,,,,,,0,,,,,,,,,1
149,161,5,2021-06-16 00:00:00,False,,,False,,,,,,1,2021-06-16 13:17:07.997000,,,,,,0,,,,,,,,,1
150,162,5,2021-06-16 00:00:00,False,,,False,,,,,,1,2021-06-16 13:17:09.850000,,,,,,0,,,,,,,,,1
151,163,5,2021-06-16 00:00:00,False,,,False,,,,,,1,2021-06-16 13:17:12.240000,,,,,,0,,,,,,,,,1
152,164,5,2021-06-16 00:00:00,False,,,False,,,,,,1,2021-06-16 13:17:13.853000,,,,,,0,,,,,,,,,1
153,165,5,2021-06-16 00:00:00,False,,,False,,,,,,1,2021-06-16 13:17:15.840000,,,,,,0,,,,,,,,,1
154,166,5,2021-06-16 00:00:00,False,,,False,,,,,,1,2021-06-16 13:17:17.597000,,,,,,0,,,,,,,,,1
155,167,5,2021-06-16 00:00:00,False,,,False,,,,,,1,2021-06-16 13:17:19.367000,,,,,,0,,,,,,,,,1
156,168,5,2021-06-16 00:00:00,False,,,False,,,,,,1,2021-06-16 13:17:36.150000,,,,,,0,,,,,,,,,1
157,169,5,2021-06-16 00:00:00,False,,,False,,,,,,1,2021-06-16 13:17:37.680000,,,,,,0,,,,,,,,,1
158,170,5,2021-06-16 00:00:00,False,,,False,,,,,,1,2021-06-16 13:17:39.157000,,,,,,0,,,,,,,,,1
159,171,5,2021-06-16 00:00:00,False,,,False,,,,,,1,2021-06-16 13:17:40.887000,,,,,,0,,,,,,,,,1
160,172,5,2021-06-16 00:00:00,False,,,False,,,,,,1,2021-06-16 13:17:42.460000,,,,,,0,,,,,,,,,1
161,173,5,2021-06-16 00:00:00,False,,,False,,,,,,1,2021-06-16 13:17:43.977000,,,,,,0,,,,,,,,,1
162,174,5,2021-06-16 00:00:00,False,,,False,,,,,,1,2021-06-16 13:17:45.603000,,,,,,0,,,,,,,,,1
163,175,5,2021-06-16 00:00:00,False,,,False,,,,,,1,2021-06-16 13:17:47.990000,,,,,,0,,,,,,,,,1
164,176,5,2021-06-16 00:00:00,False,,,False,,,,,,1,2021-06-16 13:17:49.980000,,,,,,0,,,,,,,,,1
165,177,5,2021-06-16 00:00:00,False,,,False,,,,,,1,2021-06-16 13:17:51.663000,,,,,,0,,,,,,,,,1
166,178,5,2021-06-16 00:00:00,False,,,False,,,,,,1,2021-06-16 13:18:15.723000,,,,,,0,,,,,,,,,1
167,179,5,2021-06-16 00:00:00,False,,,False,,,,,,1,2021-06-16 13:18:17.340000,,,,,,0,,,,,,,,,1
168,180,5,2021-06-16 00:00:00,False,,,False,,,,,,1,2021-06-16 13:18:24.350000,,,,,,0,,,,,,,,,1
169,181,5,2021-06-16 00:00:00,False,,,False,,,,,,1,2021-06-16 13:18:26.110000,,,,,,0,,,,,,,,,1
170,182,5,2021-06-16 00:00:00,False,,,False,,,,,,1,2021-06-16 13:18:27.733000,,,,,,0,,,,,,,,,1
171,183,5,2021-06-16 00:00:00,False,,,False,,,,,,1,2021-06-16 13:18:29.760000,,,,,,0,,,,,,,,,1
172,184,5,2021-06-16 00:00:00,False,,,False,,,,,,1,2021-06-16 13:18:31.403000,,,,,,0,,,,,,,,,1
173,185,5,2021-06-16 00:00:00,False,,,False,,,,,,1,2021-06-16 13:18:32.813000,,,,,,0,,,,,,,,,1
174,186,5,2021-06-16 00:00:00,False,,,False,,,,,,1,2021-06-16 13:18:35.143000,,,,,,0,,,,,,,,,1
175,187,5,2021-06-16 00:00:00,False,,,False,,,,,,1,2021-06-16 13:18:37.130000,,,,,,0,,,,,,,,,1
176,188,5,2021-06-16 00:00:00,False,,,False,,,,,,1,2021-06-16 13:19:09.017000,,,,,,0,,,,,,,,,1
177,189,5,2021-06-16 00:00:00,False,,,False,,,,,,1,2021-06-16 13:19:17.490000,,,,,,0,,,,,,,,,1
178,190,5,2021-06-16 00:00:00,False,,,False,,,,,,1,2021-06-16 13:20:02.647000,,,,,,0,,,,,,,,,1
179,191,5,2021-06-16 00:00:00,False,,,False,,,,,,1,2021-06-16 13:20:03.650000,,,,,,0,,,,,,,,,1
180,192,5,2021-06-16 00:00:00,False,,,False,,,,,,1,2021-06-16 13:20:04.573000,,,,,,0,,,,,,,,,1
181,193,5,2021-06-16 00:00:00,False,,,False,,,,,,1,2021-06-16 13:20:05.503000,,,,,,0,,,,,,,,,1
182,194,5,2021-06-16 00:00:00,False,,,False,,,,,,1,2021-06-16 13:20:35.537000,,,,,,0,,,,,,,,,1
183,195,5,2021-06-16 00:00:00,False,,,False,,,,,,1,2021-06-16 13:20:37.110000,,,,,,0,,,,,,,,,1
184,196,5,2021-06-16 00:00:00,False,,,False,,,,,,1,2021-06-16 13:20:38.377000,,,,,,0,,,,,,,,,1
185,197,5,2021-06-16 00:00:00,False,,,False,,,,,,1,2021-06-16 13:20:48.503000,,,,,,0,,,,,,,,,1
186,198,5,2021-06-16 00:00:00,False,,,False,,,,,,1,2021-06-16 13:20:49.310000,,,,,,0,,,,,,,,,1
187,199,5,2021-06-16 00:00:00,False,,,False,,,,,,1,2021-06-16 13:20:50.073000,,,,,,0,,,,,,,,,1
188,200,5,2021-06-16 00:00:00,False,,,False,,,,,,1,2021-06-16 13:21:03.350000,,,,,,0,,,,,,,,,1
189,201,5,2021-06-16 00:00:00,False,,,False,,,,,,1,2021-06-16 13:21:04.313000,,,,,,0,,,,,,,,,1
190,202,5,2021-06-16 00:00:00,False,,,False,,,,,,1,2021-06-16 13:21:25.467000,,,,,,0,,,,,,,,,1
191,203,5,2021-06-16 00:00:00,False,,,False,,,,,,1,2021-06-16 13:21:26.907000,,,,,,0,,,,,,,,,1
192,204,5,2021-06-16 00:00:00,False,,,False,,,,,,1,2021-06-16 13:21:28.610000,,,,,,0,,,,,,,,,1
193,205,5,2021-06-16 00:00:00,False,,,False,,,,,,1,2021-06-16 13:22:01.063000,,,,,,0,,,,,,,,,1
194,206,5,2021-06-16 00:00:00,False,,,False,,,,,,1,2021-06-16 13:22:02.047000,,,,,,0,,,,,,,,,1
195,207,5,2021-06-16 00:00:00,False,,,False,,,,,,1,2021-06-16 13:22:19.867000,,,,,,0,,,,,,,,,1
196,208,5,2021-06-16 00:00:00,False,,,False,,,,,,1,2021-06-16 13:22:20.990000,,,,,,0,,,,,,,,,1
197,209,5,2021-06-16 00:00:00,False,,,False,,,,,,1,2021-06-16 13:22:22.297000,,,,,,0,,,,,,,,,1
198,210,5,2021-06-16 00:00:00,False,,,False,,,,,,1,2021-06-16 13:22:23.470000,,,,,,0,,,,,,,,,1
199,211,5,2021-06-16 00:00:00,False,,,False,,,,,,1,2021-06-16 13:22:24.720000,,,,,,0,,,,,,,,,1
200,212,5,2021-06-16 00:00:00,False,,,False,,,,,,1,2021-06-16 13:22:34.173000,,,,,,0,,,,,,,,,1
201,213,5,2021-06-16 00:00:00,False,,,False,,,,,,1,2021-06-16 13:22:35.113000,,,,,,0,,,,,,,,,1
202,214,5,2021-06-16 00:00:00,False,,,False,,,,,,1,2021-06-16 13:22:54.307000,,,,,,0,,,,,,,,,1
203,215,5,2021-06-16 00:00:00,False,,,False,,,,,,1,2021-06-16 13:22:55.547000,,,,,,0,,,,,,,,,1
204,216,5,2021-06-16 00:00:00,False,,,False,,,,,,1,2021-06-16 13:22:56.633000,,,,,,0,,,,,,,,,1
205,217,5,2021-06-16 00:00:00,False,,,False,,,,,,1,2021-06-16 13:22:57.743000,,,,,,0,,,,,,,,,1
206,56,6,2021-06-16 00:00:00,False,,,False,,,,,,1,2021-06-16 13:43:36.360000,,,,,,0,,,,,,,,,1
207,16,7,2021-06-16 00:00:00,False,,,False,,,,,,1,2021-06-16 13:44:50.030000,,,,,,0,,,,,,,,,1
208,17,7,2021-06-16 00:00:00,False,,,False,,,,,,1,2021-06-16 13:46:27.273000,,,,,,0,,,,,,,,,1
209,57,6,2021-06-16 00:00:00,False,,,False,,,,,,1,2021-06-16 13:57:53.210000,,,,,,0,,,,,,,,,1
210,58,6,2021-06-16 00:00:00,False,,,False,,,,,,1,2021-06-16 14:00:08.417000,,,,,,0,,,,,,,,,1
211,59,6,2021-06-16 00:00:00,False,,,False,,,,,,1,2021-06-16 14:00:09.493000,,,,,,0,,,,,,,,,1
212,60,6,2021-06-16 00:00:00,False,,,False,,,,,,1,2021-06-16 17:21:16.450000,,,,,,0,,,,,,,,,1
213,61,6,2021-06-16 00:00:00,False,,,False,,,,,,1,2021-06-16 17:21:34.573000,,,,,,0,,,,,,,,,1
214,62,6,2021-06-16 00:00:00,False,,,False,,,,,,1,2021-06-16 17:21:35.433000,,,,,,0,,,,,,,,,1
215,63,6,2021-06-16 00:00:00,False,,,False,,,,,,1,2021-06-16 17:21:36.490000,,,,,,0,,,,,,,,,1
216,64,6,2021-06-16 00:00:00,False,,,False,,,,,,1,2021-06-16 18:27:20.583000,,,,,,0,,,,,,,,,1
217,65,6,2021-06-16 00:00:00,False,,,False,,,,,,1,2021-06-16 18:27:21.720000,,,,,,0,,,,,,,,,1
218,66,6,2021-06-16 00:00:00,False,,,False,,,,,,1,2021-06-16 18:27:42.960000,,,,,,0,,,,,,,,,1
219,69,6,2021-06-16 00:00:00,False,,,False,,,,,,1,2021-06-16 18:36:01.280000,,,,,,0,,,,,,,,,1
220,70,6,2021-06-16 00:00:00,False,,,False,,,,,,1,2021-06-16 18:36:02.313000,,,,,,0,,,,,,,,,1
221,218,5,2021-06-17 00:00:00,False,,,False,,,,,,1,2021-06-17 09:41:49.210000,,,,,,0,,,,,,,,,1
222,219,5,2021-06-17 00:00:00,False,,,False,,,,,,1,2021-06-17 09:41:50.980000,,,,,,0,,,,,,,,,1
223,220,5,2021-06-17 00:00:00,False,,,False,,,,,,1,2021-06-17 09:41:52.757000,,,,,,0,,,,,,,,,1
224,221,5,2021-06-17 00:00:00,False,,,False,,,,,,1,2021-06-17 09:42:25.637000,,,,,,0,,,,,,,,,1
225,222,5,2021-06-17 00:00:00,False,,,False,,,,,,1,2021-06-17 09:42:37.973000,,,,,,0,,,,,,,,,1
226,223,5,2021-06-17 00:00:00,False,,,False,,,,,,1,2021-06-17 09:42:53.557000,,,,,,0,,,,,,,,,1
227,224,5,2021-06-17 00:00:00,False,,,False,,,,,,1,2021-06-17 09:42:54.347000,,,,,,0,,,,,,,,,1
228,225,5,2021-06-17 00:00:00,False,,,False,,,,,,1,2021-06-17 09:43:00.123000,,,,,,0,,,,,,,,,1
229,226,5,2021-06-17 00:00:00,False,,,False,,,,,,1,2021-06-17 09:43:00.963000,,,,,,0,,,,,,,,,1
230,18,7,2021-06-17 00:00:00,False,,,False,,,,,,1,2021-06-17 09:45:43.860000,,,,,,0,,,,,,,,,1
231,71,6,2021-06-17 00:00:00,False,,,False,,,,,,1,2021-06-17 09:45:50.637000,,,,,,0,,,,,,,,,1
232,19,7,2021-06-17 00:00:00,False,,,False,,,,,,1,2021-06-17 09:46:44.670000,,,,,,0,,,,,,,,,1
233,72,6,2021-06-17 00:00:00,False,,,False,,,,,,1,2021-06-17 09:47:04.297000,,,,,,0,,,,,,,,,1
234,20,7,2021-06-17 00:00:00,False,,,False,,,,,,1,2021-06-17 09:47:37.647000,,,,,,0,,,,,,,,,1
235,227,5,2021-06-17 00:00:00,False,,,False,,,,,,1,2021-06-17 11:03:46.847000,,,,,,0,,,,,,,,,1
236,228,5,2021-06-17 00:00:00,False,,,False,,,,,,1,2021-06-17 11:03:48.693000,,,,,,0,,,,,,,,,1
237,229,5,2021-06-17 00:00:00,False,,,False,,,,,,1,2021-06-17 11:03:50.667000,,,,,,0,,,,,,,,,1
238,230,5,2021-06-17 00:00:00,False,,,False,,,,,,1,2021-06-17 11:03:52.540000,,,,,,0,,,,,,,,,1
239,231,5,2021-06-17 00:00:00,False,,,False,,,,,,1,2021-06-17 11:03:54.413000,,,,,,0,,,,,,,,,1
240,232,5,2021-06-17 00:00:00,False,,,False,,,,,,1,2021-06-17 11:06:47.167000,,,,,,0,,,,,,,,,1
241,233,5,2021-06-17 00:00:00,False,,,False,,,,,,1,2021-06-17 11:06:59.610000,,,,,,0,,,,,,,,,1
242,234,5,2021-06-17 00:00:00,False,,,False,,,,,,1,2021-06-17 11:07:06.983000,,,,,,0,,,,,,,,,1
243,235,5,2021-06-17 00:00:00,False,,,False,,,,,,1,2021-06-17 11:08:40.593000,,,,,,0,,,,,,,,,1
244,236,5,2021-06-17 00:00:00,False,,,False,,,,,,1,2021-06-17 11:08:46.673000,,,,,,0,,,,,,,,,1
245,237,5,2021-06-17 00:00:00,False,,,False,,,,,,1,2021-06-17 11:08:51.517000,,,,,,0,,,,,,,,,1
246,238,5,2021-06-17 00:00:00,False,,,False,,,,,,1,2021-06-17 11:08:55.857000,,,,,,0,,,,,,,,,1
249,74,6,2021-06-17 00:00:00,False,,,False,,,,,,1,2021-06-17 11:12:26.947000,,,,,,0,,,,,,,,,1
250,75,6,2021-06-17 00:00:00,False,,,False,,,,,,1,2021-06-17 11:12:27.807000,,,,,,0,,,,,,,,,1
251,76,6,2021-06-17 00:00:00,False,,,False,,,,,,1,2021-06-17 11:12:42.507000,,,,,,0,,,,,,,,,1
252,77,6,2021-06-17 00:00:00,False,,,False,,,,,,1,2021-06-17 11:12:43.263000,,,,,,0,,,,,,,,,1
253,78,6,2021-06-17 00:00:00,False,,,False,,,,,,1,2021-06-17 11:13:25.193000,,,,,,0,,,,,,,,,1
254,79,6,2021-06-17 00:00:00,False,,,False,,,,,,1,2021-06-17 11:13:25.930000,,,,,,0,,,,,,,,,1
255,80,6,2021-06-17 00:00:00,False,,,False,,,,,,1,2021-06-17 11:13:41.100000,,,,,,0,,,,,,,,,1
256,81,6,2021-06-17 00:00:00,False,,,False,,,,,,1,2021-06-17 11:13:41.950000,,,,,,0,,,,,,,,,1
258,82,6,2021-06-17 00:00:00,False,,,False,,,,,,1,2021-06-17 12:33:29.647000,,,,,,0,,,,,,,,,1
259,83,6,2021-06-17 00:00:00,False,,,,,,,,,1,2021-06-17 12:39:00.630000,,,,,,0,,,,,,,,,1
260,84,6,2021-06-17 00:00:00,False,,,,,,,,,1,2021-06-17 12:39:17.457000,,,,,,0,,,,,,,,,1
261,85,6,2021-06-17 00:00:00,False,,,,,,,,,1,2021-06-17 12:39:58.827000,,,,,,0,,,,,,,,,1
262,239,5,2021-06-17 00:00:00,False,,,False,,,,,,1,2021-06-17 12:41:58.570000,,,,,,0,,,,,,,,,1
263,240,5,2021-06-17 00:00:00,False,,,False,,,,,,1,2021-06-17 12:41:59.433000,,,,,,0,,,,,,,,,1
264,241,5,2021-06-17 00:00:00,False,,,False,,,,,,1,2021-06-17 12:42:11.973000,,,,,,0,,,,,,,,,1
265,242,5,2021-06-17 00:00:00,False,,,False,,,,,,1,2021-06-17 12:42:17.827000,,,,,,0,,,,,,,,,1
266,87,6,2021-06-17 00:00:00,False,,,False,,,,,,1,2021-06-17 12:44:55.790000,,,,,,0,,,,,,,,,1
267,23,7,2021-06-17 00:00:00,False,,,False,,,,,,1,2021-06-17 12:47:21.387000,,,,,,0,,,,,,,,,1
268,88,6,2021-06-17 00:00:00,False,,,,,,,,,1,2021-06-17 12:48:14.537000,,,,,,0,,,,,,,,,1
269,89,6,2021-06-17 00:00:00,False,,,,,,,,,1,2021-06-17 12:49:08.767000,,,,,,0,,,,,,,,,1
270,90,6,2021-06-17 00:00:00,False,,,,,,,,,1,2021-06-17 12:50:15.393000,,,,,,0,,,,,,,,,1
271,243,5,2021-06-17 00:00:00,False,,,False,,,,,,1,2021-06-17 12:51:39.523000,,,,,,0,,,,,,,,,1
272,244,5,2021-06-17 00:00:00,False,,,False,,,,,,1,2021-06-17 12:51:40.567000,,,,,,0,,,,,,,,,1
273,245,5,2021-06-17 00:00:00,False,,,False,,,,,,1,2021-06-17 12:52:03.023000,,,,,,0,,,,,,,,,1
274,246,5,2021-06-17 00:00:00,False,,,False,,,,,,1,2021-06-17 12:52:11.777000,,,,,,0,,,,,,,,,1
275,247,5,2021-06-17 00:00:00,False,,,False,,,,,,1,2021-06-17 12:52:31.110000,,,,,,0,,,,,,,,,1
276,248,5,2021-06-17 00:00:00,False,,,False,,,,,,1,2021-06-17 12:52:31.993000,,,,,,0,,,,,,,,,1
277,249,5,2021-06-17 00:00:00,False,,,False,,,,,,1,2021-06-17 12:52:32.660000,,,,,,0,,,,,,,,,1
278,91,6,2021-06-17 00:00:00,False,,,,,,,,,1,2021-06-17 12:55:02.903000,,,,,,0,,,,,,,,,1
279,250,5,2021-06-17 00:00:00,False,,,False,,,,,,1,2021-06-17 12:55:42.813000,,,,,,0,,,,,,,,,1
280,251,5,2021-06-17 00:00:00,False,,,False,,,,,,1,2021-06-17 12:55:43.657000,,,,,,0,,,,,,,,,1
281,19,9,2021-06-17 00:00:00,False,,,False,,,,,,1,2021-06-17 13:17:25.193000,,,,,,0,,,,,,,,,1
282,20,9,2021-06-17 00:00:00,False,,,False,,,,,,1,2021-06-17 13:17:27.110000,,,,,,0,,,,,,,,,1
283,21,9,2021-06-17 00:00:00,False,,,False,,,,,,1,2021-06-17 13:17:28.910000,,,,,,0,,,,,,,,,1
284,22,9,2021-06-17 00:00:00,False,,,False,,,,,,1,2021-06-17 13:17:30.647000,,,,,,0,,,,,,,,,1
285,23,9,2021-06-17 00:00:00,False,,,False,,,,,,1,2021-06-17 13:17:32.183000,,,,,,0,,,,,,,,,1
286,24,9,2021-06-17 00:00:00,False,,,False,,,,,,1,2021-06-17 13:17:33.770000,,,,,,0,,,,,,,,,1
287,252,5,2021-06-17 00:00:00,False,,,False,,,,,,1,2021-06-17 14:17:33.467000,,,,,,0,,,,,,,,,1
288,253,5,2021-06-17 00:00:00,False,,,False,,,,,,1,2021-06-17 14:19:27.540000,,,,,,0,,,,,,,,,1
289,254,5,2021-06-17 00:00:00,False,,,False,,,,,,1,2021-06-17 14:19:29.240000,,,,,,0,,,,,,,,,1
290,255,5,2021-06-17 00:00:00,False,,,False,,,,,,1,2021-06-17 14:19:31.370000,,,,,,0,,,,,,,,,1
291,256,5,2021-06-17 00:00:00,False,,,False,,,,,,1,2021-06-17 14:19:33.247000,,,,,,0,,,,,,,,,1
292,257,5,2021-06-17 00:00:00,False,,,False,,,,,,1,2021-06-17 14:19:34.907000,,,,,,0,,,,,,,,,1
293,258,5,2021-06-17 00:00:00,False,,,False,,,,,,1,2021-06-17 14:19:36.830000,,,,,,0,,,,,,,,,1
294,259,5,2021-06-17 00:00:00,False,,,False,,,,,,1,2021-06-17 14:19:38.433000,,,,,,0,,,,,,,,,1
295,260,5,2021-06-17 00:00:00,False,,,False,,,,,,1,2021-06-17 14:19:40.390000,,,,,,0,,,,,,,,,1
296,261,5,2021-06-17 00:00:00,False,,,False,,,,,,1,2021-06-17 14:19:42.190000,,,,,,0,,,,,,,,,1
297,262,5,2021-06-17 00:00:00,False,,,False,,,,,,1,2021-06-17 14:19:43.787000,,,,,,0,,,,,,,,,1
298,263,5,2021-06-17 00:00:00,False,,,False,,,,,,1,2021-06-17 14:19:45.503000,,,,,,0,,,,,,,,,1
299,264,5,2021-06-17 00:00:00,False,,,False,,,,,,1,2021-06-17 14:19:47.160000,,,,,,0,,,,,,,,,1
300,265,5,2021-06-17 00:00:00,False,,,False,,,,,,1,2021-06-17 14:19:48.937000,,,,,,0,,,,,,,,,1
301,266,5,2021-06-17 00:00:00,False,,,False,,,,,,1,2021-06-17 14:19:50.737000,,,,,,0,,,,,,,,,1
302,267,5,2021-06-17 00:00:00,False,,,False,,,,,,1,2021-06-17 14:19:52.717000,,,,,,0,,,,,,,,,1
303,92,6,2021-06-17 00:00:00,False,,,False,,,,,,1,2021-06-17 14:24:21.280000,,,,,,0,,,,,,,,,1
304,93,6,2021-06-17 00:00:00,False,,,,,,,,,1,2021-06-17 14:24:49.950000,,,,,,0,,,,,,,,,1
305,94,6,2021-06-17 00:00:00,False,,,,,,,,,1,2021-06-17 14:25:08.830000,,,,,,0,,,,,,,,,1
306,95,6,2021-06-17 00:00:00,False,,,,,,,,,1,2021-06-17 14:25:23.843000,,,,,,0,,,,,,,,,1
307,96,6,2021-06-17 00:00:00,False,,,,,,,,,1,2021-06-17 14:25:38.767000,,,,,,0,,,,,,,,,1
308,24,7,2021-06-18 00:00:00,False,,,False,,,,,,1,2021-06-18 12:40:03.620000,,,,,,0,,,,,,,,,1
309,268,5,2021-06-18 00:00:00,False,,,False,,,,,,1,2021-06-18 12:45:24.907000,,,,,,0,,,,,,,,,1
310,269,5,2021-06-18 00:00:00,False,,,False,,,,,,1,2021-06-18 12:45:27.023000,,,,,,0,,,,,,,,,1
311,270,5,2021-06-18 00:00:00,False,,,False,,,,,,1,2021-06-18 12:45:29.977000,,,,,,0,,,,,,,,,1
312,271,5,2021-06-18 00:00:00,False,,,False,,,,,,1,2021-06-18 12:45:31.893000,,,,,,0,,,,,,,,,1
313,272,5,2021-06-18 00:00:00,False,,,False,,,,,,1,2021-06-18 12:45:33.550000,,,,,,0,,,,,,,,,1
314,273,5,2021-06-18 00:00:00,False,,,False,,,,,,1,2021-06-18 12:45:35.460000,,,,,,0,,,,,,,,,1
315,274,5,2021-06-18 00:00:00,False,,,False,,,,,,1,2021-06-18 12:45:37.150000,,,,,,0,,,,,,,,,1
316,275,5,2021-06-18 00:00:00,False,,,False,,,,,,1,2021-06-18 12:45:38.830000,,,,,,0,,,,,,,,,1
317,276,5,2021-06-18 00:00:00,False,,,False,,,,,,1,2021-06-18 12:45:40.320000,,,,,,0,,,,,,,,,1
318,277,5,2021-06-18 00:00:00,False,,,False,,,,,,1,2021-06-18 12:45:42.120000,,,,,,0,,,,,,,,,1
319,97,6,2021-06-18 00:00:00,False,,,False,,,,,,1,2021-06-18 12:50:56.590000,,,,0,00000000-0000-0000-0000-000000000000,0,,,,,,,,,1
320,98,6,2021-06-18 00:00:00,False,,,False,,,,,,1,2021-06-18 12:50:57.703000,,,,0,00000000-0000-0000-0000-000000000000,0,,,,,,,,,1
321,99,6,2021-06-18 00:00:00,False,,,False,,,,,,1,2021-06-18 12:50:58.683000,,,,0,00000000-0000-0000-0000-000000000000,0,,,,,,,,,1
322,100,6,2021-06-18 00:00:00,False,,,False,,,,,,1,2021-06-18 12:50:59.600000,,,,0,00000000-0000-0000-0000-000000000000,0,,,,,,,,,1
323,101,6,2021-06-18 00:00:00,False,,,,,,,,,1,2021-06-18 12:51:34.363000,,,,,,0,,,,,,,,,1
324,102,6,2021-06-18 00:00:00,False,,,,,,,,,1,2021-06-18 12:51:35.163000,,,,,,0,,,,,,,,,1
325,103,6,2021-06-18 00:00:00,False,,,,,,,,,1,2021-06-18 12:51:35.793000,,,,,,0,,,,,,,,,1
326,104,6,2021-06-18 00:00:00,False,,,,,,,,,1,2021-06-18 12:51:36.617000,,,,,,0,,,,,,,,,1
327,25,7,2021-06-18 00:00:00,False,,,,,,,,,1,2021-06-18 12:51:38.350000,,,,,,0,,,,,,,,,1
328,105,6,2021-06-18 00:00:00,False,,,,,,,,,1,2021-06-18 12:52:46.073000,,,,,,0,,,,,,,,,1
329,106,6,2021-06-18 00:00:00,False,,,,,,,,,1,2021-06-18 12:52:46.840000,,,,,,0,,,,,,,,,1
330,107,6,2021-06-18 00:00:00,False,,,,,,,,,1,2021-06-18 12:52:47.420000,,,,,,0,,,,,,,,,1
331,108,6,2021-06-18 00:00:00,False,,,,,,,,,1,2021-06-18 12:52:48.027000,,,,,,0,,,,,,,,,1
332,26,7,2021-06-18 00:00:00,False,,,,,,,,,1,2021-06-18 12:52:49.823000,,,,,,0,,,,,,,,,1
333,109,6,2021-06-18 00:00:00,False,,,,,,,,,1,2021-06-18 12:54:47.907000,,,,,,0,,,,,,,,,1
334,110,6,2021-06-18 00:00:00,False,,,,,,,,,1,2021-06-18 12:54:48.813000,,,,,,0,,,,,,,,,1
335,111,6,2021-06-18 00:00:00,False,,,,,,,,,1,2021-06-18 12:54:49.350000,,,,,,0,,,,,,,,,1
336,112,6,2021-06-18 00:00:00,False,,,,,,,,,1,2021-06-18 12:54:49.970000,,,,,,0,,,,,,,,,1
337,27,7,2021-06-18 00:00:00,False,,,,,,,,,1,2021-06-18 12:54:51.753000,,,,,,0,,,,,,,,,1
338,113,6,2021-06-18 00:00:00,False,,,,,,,,,1,2021-06-18 12:55:06.397000,,,,,,0,,,,,,,,,1
339,114,6,2021-06-18 00:00:00,False,,,,,,,,,1,2021-06-18 12:55:06.977000,,,,,,0,,,,,,,,,1
340,115,6,2021-06-18 00:00:00,False,,,,,,,,,1,2021-06-18 12:55:07.573000,,,,,,0,,,,,,,,,1
341,116,6,2021-06-18 00:00:00,False,,,,,,,,,1,2021-06-18 12:55:08.180000,,,,,,0,,,,,,,,,1
342,28,7,2021-06-18 00:00:00,False,,,,,,,,,1,2021-06-18 12:55:10.120000,,,,,,0,,,,,,,,,1
343,117,6,2021-06-18 00:00:00,False,,,,,,,,,1,2021-06-18 12:55:43.570000,,,,,,0,,,,,,,,,1
344,118,6,2021-06-18 00:00:00,False,,,,,,,,,1,2021-06-18 12:55:44.097000,,,,,,0,,,,,,,,,1
345,119,6,2021-06-18 00:00:00,False,,,,,,,,,1,2021-06-18 12:55:44.567000,,,,,,0,,,,,,,,,1
346,120,6,2021-06-18 00:00:00,False,,,,,,,,,1,2021-06-18 12:55:45.090000,,,,,,0,,,,,,,,,1
347,29,7,2021-06-18 00:00:00,False,,,,,,,,,1,2021-06-18 12:55:47.113000,,,,,,0,,,,,,,,,1
348,121,6,2021-06-18 00:00:00,False,,,,,,,,,1,2021-06-18 12:55:59.247000,,,,,,0,,,,,,,,,1
349,122,6,2021-06-18 00:00:00,False,,,,,,,,,1,2021-06-18 12:55:59.763000,,,,,,0,,,,,,,,,1
350,123,6,2021-06-18 00:00:00,False,,,,,,,,,1,2021-06-18 12:56:00.277000,,,,,,0,,,,,,,,,1
351,124,6,2021-06-18 00:00:00,False,,,,,,,,,1,2021-06-18 12:56:00.860000,,,,,,0,,,,,,,,,1
352,30,7,2021-06-18 00:00:00,False,,,,,,,,,1,2021-06-18 12:56:03.063000,,,,,,0,,,,,,,,,1
353,125,6,2021-06-18 00:00:00,False,,,,,,,,,1,2021-06-18 12:59:00.250000,,,,,,0,,,,,,,,,1
354,126,6,2021-06-18 00:00:00,False,,,,,,,,,1,2021-06-18 12:59:00.947000,,,,,,0,,,,,,,,,1
355,127,6,2021-06-18 00:00:00,False,,,,,,,,,1,2021-06-18 12:59:01.387000,,,,,,0,,,,,,,,,1
356,128,6,2021-06-18 00:00:00,False,,,,,,,,,1,2021-06-18 12:59:01.820000,,,,,,0,,,,,,,,,1
357,31,7,2021-06-18 00:00:00,False,,,,,,,,,1,2021-06-18 12:59:04.127000,,,,,,0,,,,,,,,,1
358,129,6,2021-06-18 00:00:00,False,,,,,,,,,1,2021-06-18 12:59:27.223000,,,,,,0,,,,,,,,,1
359,130,6,2021-06-18 00:00:00,False,,,,,,,,,1,2021-06-18 12:59:28.330000,,,,,,0,,,,,,,,,1
360,131,6,2021-06-18 00:00:00,False,,,,,,,,,1,2021-06-18 12:59:29.603000,,,,,,0,,,,,,,,,1
361,132,6,2021-06-18 00:00:00,False,,,,,,,,,1,2021-06-18 12:59:30.100000,,,,,,0,,,,,,,,,1
362,32,7,2021-06-18 00:00:00,False,,,,,,,,,1,2021-06-18 12:59:32.523000,,,,,,0,,,,,,,,,1
363,133,6,2021-06-18 00:00:00,False,,,,,,,,,1,2021-06-18 12:59:58.640000,,,,,,0,,,,,,,,,1
364,134,6,2021-06-18 00:00:00,False,,,,,,,,,1,2021-06-18 12:59:59.240000,,,,,,0,,,,,,,,,1
365,135,6,2021-06-18 00:00:00,False,,,,,,,,,1,2021-06-18 12:59:59.690000,,,,,,0,,,,,,,,,1
366,136,6,2021-06-18 00:00:00,False,,,,,,,,,1,2021-06-18 13:00:00.203000,,,,,,0,,,,,,,,,1
367,33,7,2021-06-18 00:00:00,False,,,,,,,,,1,2021-06-18 13:00:02.583000,,,,,,0,,,,,,,,,1
368,137,6,2021-06-18 00:00:00,False,,,,,,,,,1,2021-06-18 13:00:31.420000,,,,,,0,,,,,,,,,1
369,138,6,2021-06-18 00:00:00,False,,,,,,,,,1,2021-06-18 13:00:31.850000,,,,,,0,,,,,,,,,1
370,139,6,2021-06-18 00:00:00,False,,,,,,,,,1,2021-06-18 13:00:32.403000,,,,,,0,,,,,,,,,1
371,140,6,2021-06-18 00:00:00,False,,,,,,,,,1,2021-06-18 13:00:32.947000,,,,,,0,,,,,,,,,1
372,34,7,2021-06-18 00:00:00,False,,,,,,,,,1,2021-06-18 13:00:35.347000,,,,,,0,,,,,,,,,1
373,35,7,2021-06-18 00:00:00,False,,,False,,,,,,1,2021-06-18 13:07:02.127000,,,,,,0,,,,,,,,,1
374,141,6,2021-06-18 00:00:00,False,,,False,,,,,,1,2021-06-18 13:07:13.767000,,,,,,0,,,,,,,,,1
375,142,6,2021-06-18 00:00:00,False,,,,,,,,,1,2021-06-18 13:07:44.570000,,,,,,0,,,,,,,,,1
376,36,7,2021-06-18 00:00:00,False,,,,,,,,,1,2021-06-18 13:07:45.307000,,,,,,0,,,,,,,,,1
377,278,5,2021-06-18 00:00:00,False,,,False,,,,,,1,2021-06-18 13:25:02.583000,,,,,,0,,,,,,,,,1
378,279,5,2021-06-18 00:00:00,False,,,False,,,,,,1,2021-06-18 13:25:04.307000,,,,,,0,,,,,,,,,1
379,280,5,2021-06-18 00:00:00,False,,,False,,,,,,1,2021-06-18 13:25:05.817000,,,,,,0,,,,,,,,,1
380,281,5,2021-06-18 00:00:00,False,,,False,,,,,,1,2021-06-18 13:25:07.407000,,,,,,0,,,,,,,,,1
381,282,5,2021-06-18 00:00:00,False,,,False,,,,,,1,2021-06-18 13:25:21.220000,,,,,,0,,,,,,,,,1
382,283,5,2021-06-18 00:00:00,False,,,False,,,,,,1,2021-06-18 13:25:22.687000,,,,,,0,,,,,,,,,1
383,284,5,2021-06-18 00:00:00,False,,,False,,,,,,1,2021-06-18 13:25:24.300000,,,,,,0,,,,,,,,,1
384,285,5,2021-06-18 00:00:00,False,,,False,,,,,,1,2021-06-18 13:25:25.763000,,,,,,0,,,,,,,,,1
385,286,5,2021-06-18 00:00:00,False,,,False,,,,,,1,2021-06-18 13:26:32.720000,,,,,,0,,,,,,,,,1
386,287,5,2021-06-18 00:00:00,False,,,False,,,,,,1,2021-06-18 13:26:34.150000,,,,,,0,,,,,,,,,1
387,288,5,2021-06-18 00:00:00,False,,,False,,,,,,1,2021-06-18 13:26:35.513000,,,,,,0,,,,,,,,,1
388,289,5,2021-06-18 00:00:00,False,,,False,,,,,,1,2021-06-18 13:26:36.813000,,,,,,0,,,,,,,,,1
389,143,6,2021-06-18 00:00:00,False,,,False,,,,,,1,2021-06-18 13:58:48.213000,,,,,,0,,,,,,,,,1
390,144,6,2021-06-18 00:00:00,False,,,False,,,,,,1,2021-06-18 14:07:47.163000,,,,,,0,,,,,,,,,1
391,145,6,2021-06-18 00:00:00,False,,,False,,,,,,1,2021-06-18 14:12:57.427000,,,,,,0,,,,,,,,,1
392,290,5,2021-06-21 00:00:00,False,,,False,,,,,,1,2021-06-21 17:35:19.423000,,,,,,0,,,,,,,,,1
393,291,5,2021-06-21 00:00:00,False,,,False,,,,,,1,2021-06-21 17:35:21.107000,,,,,,0,,,,,,,,,1
394,292,5,2021-06-21 00:00:00,False,,,False,,,,,,1,2021-06-21 17:35:22.853000,,,,,,0,,,,,,,,,1
395,293,5,2021-06-21 00:00:00,False,,,False,,,,,,1,2021-06-21 17:35:24.383000,,,,,,0,,,,,,,,,1
396,294,5,2021-06-21 00:00:00,False,,,False,,,,,,1,2021-06-21 17:35:25.943000,,,,,,0,,,,,,,,,1
397,295,5,2021-06-21 00:00:00,False,,,False,,,,,,1,2021-06-21 17:35:27.630000,,,,,,0,,,,,,,,,1
398,296,5,2021-06-21 00:00:00,False,,,False,,,,,,1,2021-06-21 17:35:29.233000,,,,,,0,,,,,,,,,1
399,297,5,2021-06-21 00:00:00,False,,,False,,,,,,1,2021-06-21 17:35:30.800000,,,,,,0,,,,,,,,,1
400,298,5,2021-06-21 00:00:00,False,,,False,,,,,,1,2021-06-21 17:35:32.437000,,,,,,0,,,,,,,,,1
401,299,5,2021-06-21 00:00:00,False,,,False,,,,,,1,2021-06-21 17:35:33.950000,,,,,,0,,,,,,,,,1
402,300,5,2021-06-21 00:00:00,False,,,False,,,,,,1,2021-06-21 17:35:35.590000,,,,,,0,,,,,,,,,1
403,301,5,2021-06-21 00:00:00,False,,,False,,,,,,1,2021-06-21 17:35:37.223000,,,,,,0,,,,,,,,,1
404,302,5,2021-06-21 00:00:00,False,,,False,,,,,,1,2021-06-21 17:35:38.760000,,,,,,0,,,,,,,,,1
405,303,5,2021-06-21 00:00:00,False,,,False,,,,,,1,2021-06-21 17:35:40.420000,,,,,,0,,,,,,,,,1
406,304,5,2021-06-21 00:00:00,False,,,False,,,,,,1,2021-06-21 17:35:42.123000,,,,,,0,,,,,,,,,1
407,305,5,2021-06-21 00:00:00,False,,,False,,,,,,1,2021-06-21 17:35:43.803000,,,,,,0,,,,,,,,,1
408,306,5,2021-06-21 00:00:00,False,,,False,,,,,,1,2021-06-21 17:35:45.360000,,,,,,0,,,,,,,,,1
409,307,5,2021-06-21 00:00:00,False,,,False,,,,,,1,2021-06-21 17:35:46.883000,,,,,,0,,,,,,,,,1
410,308,5,2021-06-21 00:00:00,False,,,False,,,,,,1,2021-06-21 17:35:48.387000,,,,,,0,,,,,,,,,1
411,309,5,2021-06-21 00:00:00,False,,,False,,,,,,1,2021-06-21 17:35:49.983000,,,,,,0,,,,,,,,,1
412,310,5,2021-06-21 00:00:00,False,,,False,,,,,,1,2021-06-21 17:35:51.653000,,,,,,0,,,,,,,,,1
413,311,5,2021-06-21 00:00:00,False,,,False,,,,,,1,2021-06-21 17:35:53.207000,,,,,,0,,,,,,,,,1
414,312,5,2021-06-21 00:00:00,False,,,False,,,,,,1,2021-06-21 17:35:54.743000,,,,,,0,,,,,,,,,1
415,313,5,2021-06-21 00:00:00,False,,,False,,,,,,1,2021-06-21 17:35:56.243000,,,,,,0,,,,,,,,,1
416,314,5,2021-06-21 00:00:00,False,,,False,,,,,,1,2021-06-21 17:35:57.697000,,,,,,0,,,,,,,,,1
417,315,5,2021-06-21 00:00:00,False,,,False,,,,,,1,2021-06-21 17:35:59.133000,,,,,,0,,,,,,,,,1
418,316,5,2021-06-21 00:00:00,False,,,False,,,,,,1,2021-06-21 17:36:00.633000,,,,,,0,,,,,,,,,1
419,317,5,2021-06-21 00:00:00,False,,,False,,,,,,1,2021-06-21 17:36:02.637000,,,,,,0,,,,,,,,,1
420,318,5,2021-06-21 00:00:00,False,,,False,,,,,,1,2021-06-21 17:36:04.130000,,,,,,0,,,,,,,,,1
421,319,5,2021-06-21 00:00:00,False,,,False,,,,,,1,2021-06-21 17:36:06.847000,,,,,,0,,,,,,,,,1
422,320,5,2021-06-21 00:00:00,False,,,False,,,,,,1,2021-06-21 17:36:08.750000,,,,,,0,,,,,,,,,1
423,321,5,2021-06-21 00:00:00,False,,,False,,,,,,1,2021-06-21 17:36:10.603000,,,,,,0,,,,,,,,,1
424,322,5,2021-06-21 00:00:00,False,,,False,,,,,,1,2021-06-21 17:36:12.107000,,,,,,0,,,,,,,,,1
425,323,5,2021-06-21 00:00:00,False,,,False,,,,,,1,2021-06-21 17:36:13.597000,,,,,,0,,,,,,,,,1
426,324,5,2021-06-21 00:00:00,False,,,False,,,,,,1,2021-06-21 17:36:15.037000,,,,,,0,,,,,,,,,1
427,325,5,2021-06-21 00:00:00,False,,,False,,,,,,1,2021-06-21 17:36:16.677000,,,,,,0,,,,,,,,,1
428,326,5,2021-06-21 00:00:00,False,,,False,,,,,,1,2021-06-21 17:36:18.180000,,,,,,0,,,,,,,,,1
429,327,5,2021-06-21 00:00:00,False,,,False,,,,,,1,2021-06-21 17:36:19.703000,,,,,,0,,,,,,,,,1
430,328,5,2021-06-21 00:00:00,False,,,False,,,,,,1,2021-06-21 17:36:21.237000,,,,,,0,,,,,,,,,1
431,329,5,2021-06-21 00:00:00,False,,,False,,,,,,1,2021-06-21 17:36:23.040000,,,,,,0,,,,,,,,,1
432,330,5,2021-06-21 00:00:00,False,,,False,,,,,,1,2021-06-21 17:36:24.543000,,,,,,0,,,,,,,,,1
433,331,5,2021-06-21 00:00:00,False,,,False,,,,,,1,2021-06-21 17:36:26.257000,,,,,,0,,,,,,,,,1
434,332,5,2021-06-21 00:00:00,False,,,False,,,,,,1,2021-06-21 17:36:27.897000,,,,,,0,,,,,,,,,1
435,333,5,2021-06-21 00:00:00,False,,,False,,,,,,1,2021-06-21 17:36:29.530000,,,,,,0,,,,,,,,,1
436,334,5,2021-06-21 00:00:00,False,,,False,,,,,,1,2021-06-21 17:36:31.087000,,,,,,0,,,,,,,,,1
437,335,5,2021-06-21 00:00:00,False,,,False,,,,,,1,2021-06-21 17:36:32.657000,,,,,,0,,,,,,,,,1
438,336,5,2021-06-21 00:00:00,False,,,False,,,,,,1,2021-06-21 17:36:34.177000,,,,,,0,,,,,,,,,1
439,337,5,2021-06-21 00:00:00,False,,,False,,,,,,1,2021-06-21 17:36:35.667000,,,,,,0,,,,,,,,,1
440,338,5,2021-06-21 00:00:00,False,,,False,,,,,,1,2021-06-21 17:36:37.307000,,,,,,0,,,,,,,,,1
441,339,5,2021-06-21 00:00:00,False,,,False,,,,,,1,2021-06-21 17:36:39.017000,,,,,,0,,,,,,,,,1
442,25,9,2021-06-21 00:00:00,False,,,False,,,,,,1,2021-06-21 18:41:35.977000,,,,,,0,,,,,,,,,1
443,26,9,2021-06-21 00:00:00,False,,,False,,,,,,1,2021-06-21 18:41:37.510000,,,,,,0,,,,,,,,,1
444,27,9,2021-06-21 00:00:00,False,,,False,,,,,,1,2021-06-21 18:41:38.920000,,,,,,0,,,,,,,,,1
445,28,9,2021-06-21 00:00:00,False,,,False,,,,,,1,2021-06-21 18:41:40.323000,,,,,,0,,,,,,,,,1
446,29,9,2021-06-21 00:00:00,False,,,False,,,,,,1,2021-06-21 18:41:41.900000,,,,,,0,,,,,,,,,1
447,30,9,2021-06-21 00:00:00,False,,,False,,,,,,1,2021-06-21 18:41:43.323000,,,,,,0,,,,,,,,,1
448,31,9,2021-06-21 00:00:00,False,,,False,,,,,,1,2021-06-21 18:41:44.647000,,,,,,0,,,,,,,,,1
449,32,9,2021-06-21 00:00:00,False,,,False,,,,,,1,2021-06-21 18:41:45.967000,,,,,,0,,,,,,,,,1
450,33,9,2021-06-21 00:00:00,False,,,False,,,,,,1,2021-06-21 18:41:47.383000,,,,,,0,,,,,,,,,1
451,34,9,2021-06-21 00:00:00,False,,,False,,,,,,1,2021-06-21 18:41:48.790000,,,,,,0,,,,,,,,,1
452,35,9,2021-06-21 00:00:00,False,,,False,,,,,,1,2021-06-21 18:41:50.253000,,,,,,0,,,,,,,,,1
453,36,9,2021-06-21 00:00:00,False,,,False,,,,,,1,2021-06-21 18:41:51.647000,,,,,,0,,,,,,,,,1
454,37,9,2021-06-21 00:00:00,False,,,False,,,,,,1,2021-06-21 18:41:53.220000,,,,,,0,,,,,,,,,1
455,38,9,2021-06-21 00:00:00,False,,,False,,,,,,1,2021-06-21 18:41:54.637000,,,,,,0,,,,,,,,,1
456,39,9,2021-06-21 00:00:00,False,,,False,,,,,,1,2021-06-21 18:41:56.007000,,,,,,0,,,,,,,,,1
457,40,9,2021-06-21 00:00:00,False,,,False,,,,,,1,2021-06-21 18:41:57.643000,,,,,,0,,,,,,,,,1
458,41,9,2021-06-21 00:00:00,False,,,False,,,,,,1,2021-06-21 18:41:59.163000,,,,,,0,,,,,,,,,1
459,42,9,2021-06-21 00:00:00,False,,,False,,,,,,1,2021-06-21 18:42:00.613000,,,,,,0,,,,,,,,,1
460,43,9,2021-06-21 00:00:00,False,,,False,,,,,,1,2021-06-21 18:42:01.987000,,,,,,0,,,,,,,,,1
461,44,9,2021-06-21 00:00:00,False,,,False,,,,,,1,2021-06-21 18:42:03.297000,,,,,,0,,,,,,,,,1
462,45,9,2021-06-21 00:00:00,False,,,False,,,,,,1,2021-06-21 18:42:04.703000,,,,,,0,,,,,,,,,1
463,46,9,2021-06-21 00:00:00,False,,,False,,,,,,1,2021-06-21 18:42:06.097000,,,,,,0,,,,,,,,,1
464,47,9,2021-06-21 00:00:00,False,,,False,,,,,,1,2021-06-21 18:42:07.510000,,,,,,0,,,,,,,,,1
465,48,9,2021-06-21 00:00:00,False,,,False,,,,,,1,2021-06-21 18:42:09.093000,,,,,,0,,,,,,,,,1
466,49,9,2021-06-21 00:00:00,False,,,False,,,,,,1,2021-06-21 18:42:10.653000,,,,,,0,,,,,,,,,1
467,50,9,2021-06-21 00:00:00,False,,,False,,,,,,1,2021-06-21 18:42:12.020000,,,,,,0,,,,,,,,,1
468,51,9,2021-06-21 00:00:00,False,,,False,,,,,,1,2021-06-21 18:42:13.490000,,,,,,0,,,,,,,,,1
469,52,9,2021-06-21 00:00:00,False,,,False,,,,,,1,2021-06-21 18:42:14.910000,,,,,,0,,,,,,,,,1
470,53,9,2021-06-21 00:00:00,False,,,False,,,,,,1,2021-06-21 18:42:16.310000,,,,,,0,,,,,,,,,1
471,54,9,2021-06-21 00:00:00,False,,,False,,,,,,1,2021-06-21 18:42:17.810000,,,,,,0,,,,,,,,,1
472,55,9,2021-06-21 00:00:00,False,,,False,,,,,,1,2021-06-21 18:42:19.703000,,,,,,0,,,,,,,,,1
473,56,9,2021-06-21 00:00:00,False,,,False,,,,,,1,2021-06-21 18:42:21.190000,,,,,,0,,,,,,,,,1
474,57,9,2021-06-21 00:00:00,False,,,False,,,,,,1,2021-06-21 18:42:22.653000,,,,,,0,,,,,,,,,1
475,340,5,2021-07-15 00:00:00,False,,,False,,,,,,1,2021-07-15 11:19:18.613000,,,,,,0,,,,,,,,,1
476,37,7,2021-09-14 00:00:00,False,,,False,,,,,,1,2021-09-14 16:40:01.687000,,,,,,0,,,,,,,,,1
477,146,6,2021-10-13 00:00:00,False,,,False,,,,,,1,2021-10-13 12:25:02.823000,,,,,,0,,,,,,,,,1
478,341,5,2021-11-16 00:00:00,False,,,False,,,,,,1,2021-11-16 16:49:26.410000,,,,,,0,,,,,,,,,1
479,342,5,2021-11-17 00:00:00,False,,,False,,,,,,1,2021-11-17 10:49:01.577000,,,,,,0,,,,,,,,,1
480,147,6,2021-11-24 00:00:00,False,,,False,,,8fdda0a4-0193-4f1a-a087-62e7ba369795,,,1,2021-11-24 17:18:36.020000,True,,,,,3,,,,,,,,,1
481,1,1,2022-01-28 00:00:00,False,,,False,,,,,,1,2022-01-28 12:11:28.270000,,,,,,0,,,,,,,,,1
482,58,9,2022-01-31 00:00:00,False,,,False,,,,,,1,2022-01-31 18:00:55.223000,,,,,,0,,,,,,,,,1
483,343,5,2022-02-25 00:00:00,False,,,False,,,,,,1,2022-02-25 13:52:09.227000,,,,,,0,,,,,,,,,1
484,344,5,2022-02-28 00:00:00,False,,,False,,,,,,1,2022-02-28 18:13:42.803000,,,,,,0,,,,,,,,,1
485,345,5,2022-02-28 00:00:00,False,,,False,,,,,,1,2022-02-28 18:13:58.940000,,,,,,0,,,,,,,,,1
486,346,5,2022-06-09 00:00:00,False,,,False,,,,,,1,2022-06-09 16:41:11.930000,,,,,,0,,,,,,,,,1
487,38,7,2022-09-19 00:00:00,False,,,False,-1,,,,,1,2022-09-19 17:48:36.540000,,,,,,0,,,,,,,,,1
488,39,7,2022-09-27 00:00:00,False,,,False,-1,,,,,1,2022-09-27 13:04:22.597000,,,,,,0,,,,,,,,,1
489,40,7,2022-09-27 00:00:00,False,,,False,-1,,,,,1,2022-09-27 13:07:26.423000,,,,,,0,,,,,,,,,1
490,41,7,2022-09-27 00:00:00,False,,,False,-1,,,,,1,2022-09-27 13:10:57.137000,,,,,,0,,,,,,,,,1
494,350,5,2022-10-24 00:00:00,False,,,False,,,,,,1,2022-10-24 10:32:01.213000,,,,,,0,,,,,,,,,1
495,351,5,2022-10-24 00:00:00,False,,,False,,,,,,1,2022-10-24 10:32:48.483000,,,,,,0,,,,,,,,,1
496,352,5,2022-10-24 00:00:00,False,,,False,,,,,,1,2022-10-24 11:25:31.700000,,,,,,0,,,,,,,,,1
497,353,5,2022-10-24 00:00:00,False,,,False,,,,,,1,2022-10-24 11:26:57.580000,,,,,,0,,,,,,,,,1
498,42,7,2022-10-24 00:00:00,False,,,False,-1,,,,,1,2022-10-24 11:38:19.580000,,,,,,0,,,,,,,,,1
499,354,5,2022-10-25 00:00:00,False,,,False,,,,,,1,2022-10-25 12:32:43.477000,,,,,,0,,,,,,,,,1
500,355,5,2022-10-25 00:00:00,False,,,False,,,,,,1,2022-10-25 12:33:02.270000,,,,,,0,,,,,,,,,1
501,356,5,2022-10-25 00:00:00,False,,,False,,,,,,1,2022-10-25 12:33:20.587000,,,,,,0,,,,,,,,,1
502,357,5,2022-10-25 00:00:00,False,,,False,,,,,,1,2022-10-25 12:33:40.560000,,,,,,0,,,,,,,,,1
503,358,5,2022-10-25 00:00:00,False,,,False,,,,,,1,2022-10-25 12:33:58.917000,,,,,,0,,,,,,,,,1
504,359,5,2022-10-25 00:00:00,False,,,False,,,,,,1,2022-10-25 12:34:30.637000,,,,,,0,,,,,,,,,1
505,43,7,2022-10-25 00:00:00,False,,,False,-1,,,,,1,2022-10-25 12:35:20.197000,,,,,,0,,,,,,,,,1
506,148,6,2022-10-25 00:00:00,False,,,False,-1,,,,,1,2022-10-25 14:15:38.957000,,,,,,0,,,,,,,,,1
507,149,6,2022-10-25 00:00:00,False,,,False,-1,,,,,1,2022-10-25 14:24:16.683000,,,,,,0,,,,,,,,,1
508,150,6,2022-10-25 00:00:00,False,,,False,-1,,,,,1,2022-10-25 14:31:13.253000,,,,,,0,,,,,,,,,1
509,360,5,2022-10-25 00:00:00,False,,,False,,,,,,1,2022-10-25 14:53:15.437000,,,,,,0,,,,,,,,,1
510,151,6,2022-10-25 00:00:00,False,,,False,0,,0103970a-c095-4106-a027-df45b7af0892,Aceptado con Mail Sign,2022-10-26 09:16:42.760000,1,2022-10-25 14:53:17.453000,,,,,,5,,,2022-10-26 14:53:17.597000,,,,,,1
511,361,5,2022-10-25 00:00:00,False,,,False,,,,,,1,2022-10-25 14:54:03.847000,,,,,,0,,,,,,,,,1
512,152,6,2022-10-25 00:00:00,False,,,False,0,,0625b2aa-e5ed-4272-9230-2de0afb6bc1a,Enviado con Mail Sign,,1,2022-10-25 14:54:05.357000,,,,,,5,,,2022-10-26 14:54:05.610000,,,,,,1
513,362,5,2022-10-25 00:00:00,False,,,False,,,,,,1,2022-10-25 14:55:53.680000,,,,,,0,,,,,,,,,1
514,153,6,2022-10-25 00:00:00,False,,,False,0,,9803ad7b-4994-43e1-8610-bdf0e7d2b424,Aceptado con Mail Sign,2022-10-26 09:16:40.290000,1,2022-10-25 14:55:55.337000,,,,,,5,,,2022-10-26 14:55:55.533000,,,,,,1
515,363,5,2022-10-25 00:00:00,False,,,False,,,,,,1,2022-10-25 14:58:10.573000,,,,,,0,,,,,,,,,1
516,154,6,2022-10-25 00:00:00,False,,,False,0,,cbb565eb-7b4a-4f6f-a4a6-fee2f444716d,Aceptado con Mail Sign,2022-10-26 09:16:37.100000,1,2022-10-25 14:58:12.583000,,,,,,5,,,2022-10-26 14:58:12.783000,,,,,,1
517,155,6,2022-10-25 00:00:00,False,,,False,,,cbb565eb-7b4a-4f6f-a4a6-fee2f444716d_REC,Firmado con WhatsApp,2022-10-25 14:58:37,1,2022-10-26 09:16:38.580000,,,,,,5,,,,,,,,,1
518,156,6,2022-10-25 00:00:00,False,,,False,,,9803ad7b-4994-43e1-8610-bdf0e7d2b424_REC,Firmado con WhatsApp,2022-10-25 14:56:22,1,2022-10-26 09:16:41.310000,,,,,,5,,,,,,,,,1
519,157,6,2022-10-25 00:00:00,False,,,False,,,0103970a-c095-4106-a027-df45b7af0892_REC,Firmado con WhatsApp,2022-10-25 14:53:31,1,2022-10-26 09:16:43.870000,,,,,,5,,,,,,,,,1
520,158,6,2022-10-26 00:00:00,False,,,False,-1,,,,,1,2022-10-26 10:11:06.727000,,,,,,0,,,,,,,,,1
521,159,6,2022-10-26 00:00:00,False,,,False,-1,,,,,1,2022-10-26 10:11:55.047000,,,,,,0,,,,,,,,,1
522,160,6,2022-10-26 00:00:00,False,,,False,-1,,,,,1,2022-10-26 10:14:42.123000,,,,,,0,,,,,,,,,1
523,364,5,2022-10-26 00:00:00,False,,,False,,,,,,1,2022-10-26 10:17:31.253000,,,,,,0,,,,,,,,,1
524,365,5,2022-10-26 00:00:00,False,,,False,,,,,,1,2022-10-26 10:17:45.233000,,,,,,0,,,,,,,,,1
525,366,5,2022-10-26 00:00:00,False,,,False,,,,,,1,2022-10-26 10:18:04.643000,,,,,,0,,,,,,,,,1
526,367,5,2022-10-26 00:00:00,False,,,False,,,,,,1,2022-10-26 10:18:19.193000,,,,,,0,,,,,,,,,1
527,368,5,2022-10-26 00:00:00,False,,,False,,,,,,1,2022-10-26 10:18:30.963000,,,,,,0,,,,,,,,,1
528,369,5,2022-10-26 00:00:00,False,,,False,,,,,,1,2022-10-26 10:18:45.603000,,,,,,0,,,,,,,,,1
529,370,5,2022-10-26 00:00:00,False,,,False,,,,,,1,2022-10-26 10:19:03.367000,,,,,,0,,,,,,,,,1
530,371,5,2022-10-26 00:00:00,False,,,False,,,,,,1,2022-10-26 10:20:04.673000,,,,,,0,,,,,,,,,1
531,372,5,2022-10-26 00:00:00,False,,,False,,,,,,1,2022-10-26 10:20:16.603000,,,,,,0,,,,,,,,,1
532,373,5,2022-10-26 00:00:00,False,,,False,,,,,,1,2022-10-26 10:20:28.593000,,,,,,0,,,,,,,,,1
533,374,5,2022-10-26 00:00:00,False,,,False,,,,,,1,2022-10-26 10:20:39.013000,,,,,,0,,,,,,,,,1
534,375,5,2022-10-26 00:00:00,False,,,False,,,,,,1,2022-10-26 10:21:52.043000,,,,,,0,,,,,,,,,1
535,376,5,2022-10-26 00:00:00,False,,,False,,,,,,1,2022-10-26 10:22:04.173000,,,,,,0,,,,,,,,,1
536,377,5,2022-10-26 00:00:00,False,,,False,,,,,,1,2022-10-26 10:22:18.153000,,,,,,0,,,,,,,,,1
537,378,5,2022-10-26 00:00:00,False,,,False,,,,,,1,2022-10-26 10:22:29.663000,,,,,,0,,,,,,,,,1
538,379,5,2022-10-26 00:00:00,False,,,False,,,,,,1,2022-10-26 10:23:42.070000,,,,,,0,,,,,,,,,1
539,380,5,2022-10-26 00:00:00,False,,,False,,,,,,1,2022-10-26 10:24:01.330000,,,,,,0,,,,,,,,,1
540,381,5,2022-10-26 00:00:00,False,,,False,,,,,,1,2022-10-26 10:24:13.500000,,,,,,0,,,,,,,,,1
541,382,5,2022-10-26 00:00:00,False,,,False,,,,,,1,2022-10-26 10:24:25.590000,,,,,,0,,,,,,,,,1
542,383,5,2022-10-26 00:00:00,False,,,False,,,,,,1,2022-10-26 10:25:26.400000,,,,,,0,,,,,,,,,1
543,384,5,2022-10-26 00:00:00,False,,,False,,,,,,1,2022-10-26 10:25:39.517000,,,,,,0,,,,,,,,,1
544,385,5,2022-10-26 00:00:00,False,,,False,,,,,,1,2022-10-26 10:25:49.097000,,,,,,0,,,,,,,,,1
545,386,5,2022-10-26 00:00:00,False,,,False,,,,,,1,2022-10-26 10:25:59.107000,,,,,,0,,,,,,,,,1
546,387,5,2022-10-26 00:00:00,False,,,False,,,,,,1,2022-10-26 10:26:12.137000,,,,,,0,,,,,,,,,1
547,388,5,2022-10-26 00:00:00,False,,,False,,,,,,1,2022-10-26 10:26:25.477000,,,,,,0,,,,,,,,,1
548,389,5,2022-10-26 00:00:00,False,,,False,,,,,,1,2022-10-26 10:26:36.933000,,,,,,0,,,,,,,,,1
549,390,5,2022-10-26 00:00:00,False,,,False,,,,,,1,2022-10-26 10:26:47.417000,,,,,,0,,,,,,,,,1
550,391,5,2022-10-26 00:00:00,False,,,False,,,,,,1,2022-10-26 10:26:59.230000,,,,,,0,,,,,,,,,1
551,392,5,2022-10-26 00:00:00,False,,,False,,,,,,1,2022-10-26 10:29:19.907000,,,,,,0,,,,,,,,,1
552,393,5,2022-10-26 00:00:00,False,,,False,,,,,,1,2022-10-26 10:31:23.733000,,,,,,0,,,,,,,,,1
553,394,5,2022-10-26 00:00:00,False,,,False,,,,,,1,2022-10-26 10:31:46.673000,,,,,,0,,,,,,,,,1
554,395,5,2022-10-26 00:00:00,False,,,False,,,,,,1,2022-10-26 10:32:22.213000,,,,,,0,,,,,,,,,1
555,396,5,2022-10-26 00:00:00,False,,,False,,,,,,1,2022-10-26 10:40:04.117000,,,,,,0,,,,,,,,,1
556,397,5,2022-10-26 00:00:00,False,,,False,,,,,,1,2022-10-26 10:40:31.920000,,,,,,0,,,,,,,,,1
557,398,5,2022-10-26 00:00:00,False,,,False,,,,,,1,2022-10-26 10:50:14.570000,,,,,,0,,,,,,,,,1
558,399,5,2022-10-26 00:00:00,False,,,False,,,,,,1,2022-10-26 11:09:25.930000,,,,,,0,,,,,,,,,1
559,161,6,2022-10-26 00:00:00,False,,,False,,,,,,1,2022-10-26 13:14:40.313000,,,,,,0,,,,,,,,,1
566,165,6,2022-11-14 00:00:00,False,,,False,0,,,,,1,2022-11-14 12:55:08.323000,,,,,,0,,,,,,,,,1
567,166,6,2022-11-14 00:00:00,False,,,False,0,,,,,1,2022-11-14 12:55:09.190000,,,,,,0,,,,,,,,,1
570,44,7,2023-04-12 00:00:00,False,,,False,-1,,,,,1,2023-04-12 17:20:01.697000,,,,,,0,,,,,,,,,1
571,45,7,2023-04-12 00:00:00,False,,,False,-1,,,,,1,2023-04-12 18:58:50.033000,,,,,,0,,,,,,,,,1
572,46,7,2023-04-13 00:00:00,False,,,False,-1,,,,,1,2023-04-13 10:00:21.730000,,,,,,0,,,,,,,,,1
573,404,5,2023-04-13 00:00:00,False,,,False,,,,,,1,2023-04-13 10:28:22.203000,,,,,,0,,,,,,,,,1
574,405,5,2023-04-13 00:00:00,False,,,False,,,,,,1,2023-04-13 10:28:43.820000,,,,,,0,,,,,,,,,1
575,406,5,2023-04-13 00:00:00,False,,,False,,,,,,1,2023-04-13 10:29:10.897000,,,,,,0,,,,,,,,,1
